oml_tuple_id,oml_sender_id,oml_seq,oml_ts_client,oml_ts_server,timeMeas,loclat,loclon,mRssi,mRssnr,mRsrp,mRsrq,mCqi,cellid,lac,rat,networkOperator,nameBS,brand_model,avgLatency,route_id
4344,1,0,0.954,1495104240.19045,1495105162266,39.365734742868966,22.923645010476687,-99,10,-104,-9,11,48762,4120,LTE,20201,unknown,SM-G935F samsung 7.0,1,1
4345,1,0,0.946,1495104242.27056,1495105164369,39.36572098994637,22.923680522716456,-93,0,-101,-9,10,48762,4120,LTE,20201,unknown,SM-G935F samsung 7.0,1,1
4346,1,0,0.954,1495104244.34159,1495105166451,39.36566380083941,22.92361818380544,-89,-10,-99,-9,10,48762,4120,LTE,20201,unknown,SM-G935F samsung 7.0,1,1
4347,1,0,0.945,1495104246.41037,1495105168518,39.365671780003126,22.92366858841663,-95,0,-102,-10,11,48762,4120,LTE,20201,unknown,SM-G935F samsung 7.0,1,1
4348,1,0,0.944,1495104248.50036,1495105170589,39.365688091261404,22.92361647214645,-93,0,-101,-10,11,48762,4120,LTE,20201,unknown,SM-G935F samsung 7.0,1,1
4349,1,0,0.948,1495104250.58047,1495105172677,39.36569636649255,22.923597545231218,-93,0,-101,-11,9,48762,4120,LTE,20201,unknown,SM-G935F samsung 7.0,1,1
4350,1,0,0.941,1495104252.67054,1495105174758,39.36569008534034,22.92359365955064,-93,0,-101,-11,9,48762,4120,LTE,20201,unknown,SM-G935F samsung 7.0,1,1
4351,1,0,0.951,1495104254.76035,1495105176851,39.36567076645375,22.923616995171393,-93,-10,-101,-11,10,48762,4120,LTE,20201,unknown,SM-G935F samsung 7.0,1,1
4352,1,0,0.952,1495104256.84068,1495105178938,39.36564229283871,22.923661130993015,-93,-10,-101,-11,10,48762,4120,LTE,20201,unknown,SM-G935F samsung 7.0,1,1
4353,1,0,0.952,1495104258.92072,1495105181017,39.365608600638495,22.92369285175315,-93,20,-101,-9,11,48762,4120,LTE,20201,unknown,SM-G935F samsung 7.0,1,1
4354,1,0,0.951,1495104261.00072,1495105183096,39.365595122050934,22.923716049030872,-93,20,-101,-9,11,48762,4120,LTE,20201,unknown,SM-G935F samsung 7.0,1,1
4355,1,0,0.951,1495104263.08008,1495105185177,39.36558310869038,22.923743110775632,-93,20,-101,-9,11,48762,4120,LTE,20201,unknown,SM-G935F samsung 7.0,1,1
4356,1,0,0.966,1495104265.15073,1495105187255,39.36556752661818,22.923769418812903,-93,20,-101,-9,11,48762,4120,LTE,20201,unknown,SM-G935F samsung 7.0,1,1
4357,1,0,0.944,1495104267.22065,1495105189329,39.36557977041603,22.923767825556077,-93,20,-101,-9,11,48762,4120,LTE,20201,unknown,SM-G935F samsung 7.0,1,1
4358,1,0,0.954,1495104269.29001,1495105191398,39.36561641937875,22.92376700349206,-93,20,-101,-9,11,48762,4120,LTE,20201,unknown,SM-G935F samsung 7.0,1,1
4359,1,0,0.949,1495104271.37002,1495105193465,39.36567957876909,22.92374645063244,-93,20,-101,-9,11,48762,4120,LTE,20201,unknown,SM-G935F samsung 7.0,1,1
4360,1,0,0.95,1495104273.44449,1495105195545,39.36573503037013,22.923701502047734,-95,-10,-102,-12,8,48762,4120,LTE,20201,unknown,SM-G935F samsung 7.0,1,1
4361,1,0,0.952,1495104275.53257,1495105197624,39.36579907493679,22.92365472506617,-85,40,-97,-9,10,43762,4120,LTE,20201,unknown,SM-G935F samsung 7.0,1,1
4362,1,0,0.95,1495104277.6126,1495105199709,39.36587626456306,22.92359450729649,-73,80,-91,-10,9,43762,4120,LTE,20201,unknown,SM-G935F samsung 7.0,1,1
4363,1,0,0.949,1495104279.69247,1495105201785,39.365937910667185,22.923533964581853,-77,90,-93,-7,10,43762,4120,LTE,20201,unknown,SM-G935F samsung 7.0,1,1
4364,1,0,0.948,1495104281.77365,1495105203869,39.36599529946422,22.923478777519858,-79,80,-94,-8,9,43762,4120,LTE,20201,unknown,SM-G935F samsung 7.0,1,1
4365,1,0,0.951,1495104283.85243,1495105205947,39.366061082380604,22.92341823197769,-81,70,-95,-9,11,43762,4120,LTE,20201,unknown,SM-G935F samsung 7.0,1,1
4366,1,0,0.95,1495104285.94065,1495105208029,39.36613042803896,22.923357341340278,-71,70,-90,-7,11,43762,4120,LTE,20201,unknown,SM-G935F samsung 7.0,1,1
4367,1,0,0.938,1495104288.01614,1495105210108,39.36619515953531,22.9232991802975,-83,40,-96,-8,11,43762,4120,LTE,20201,unknown,SM-G935F samsung 7.0,1,1
4368,1,0,0.942,1495104290.09481,1495105212187,39.36625216485811,22.92323969997962,-83,40,-96,-8,11,48762,4120,LTE,20201,unknown,SM-G935F samsung 7.0,1,1
4369,1,0,0.942,1495104292.19619,1495105214277,39.366295630249006,22.92318774475811,-79,30,-94,-9,8,43762,4120,LTE,20201,unknown,SM-G935F samsung 7.0,1,1
4370,1,0,0.952,1495104294.26467,1495105216371,39.36632515298611,22.92315614091355,-79,30,-94,-9,8,48762,4120,LTE,20201,unknown,SM-G935F samsung 7.0,1,1
4371,1,0,0.955,1495104296.33536,1495105218442,39.36637236186593,22.923102790903947,-77,30,-93,-9,11,48762,4120,LTE,20201,unknown,SM-G935F samsung 7.0,1,1
4372,1,0,0.939,1495104298.43487,1495105220515,39.36640138135027,22.923071147583368,-73,50,-91,-7,12,48762,4120,LTE,20201,unknown,SM-G935F samsung 7.0,1,1
4373,1,0,0.939,1495104300.51481,1495105222608,39.366422819476405,22.923054182545485,-89,60,-99,-9,8,48762,4120,LTE,20201,unknown,SM-G935F samsung 7.0,1,1
4374,1,0,0.947,1495104302.59599,1495105224692,39.366428766061624,22.923058683405127,-85,50,-97,-8,8,48762,4120,LTE,20201,unknown,SM-G935F samsung 7.0,1,1
4375,1,0,0.947,1495104304.68551,1495105226768,39.36647183153998,22.92306970097189,-65,70,-87,-6,12,48762,4120,LTE,20201,unknown,SM-G935F samsung 7.0,1,1
4376,1,0,0.952,1495104306.76459,1495105228858,39.366539282357884,22.923144885994216,-37,170,-73,-5,15,48762,4120,LTE,20201,unknown,SM-G935F samsung 7.0,1,1
4377,1,0,0.948,1495104308.83472,1495105230942,39.36663995323421,22.92323621282185,-65,140,-87,-6,11,48762,4120,LTE,20201,unknown,SM-G935F samsung 7.0,1,1
4378,1,0,0.934,1495104310.92416,1495105233018,39.366742077887636,22.92331689641468,-75,50,-92,-9,10,48762,4120,LTE,20201,unknown,SM-G935F samsung 7.0,1,1
4379,1,0,0.947,1495104312.99597,1495105235098,39.36684157738443,22.92339143885411,-79,40,-94,-8,12,48762,4120,LTE,20201,unknown,SM-G935F samsung 7.0,1,1
4380,1,0,0.95,1495104315.08569,1495105237177,39.366926402097455,22.923439053289314,-79,10,-94,-8,6,41422,4120,LTE,20201,unknown,SM-G935F samsung 7.0,1,1
4381,1,0,0.962,1495104317.15577,1495105239261,39.366996164211805,22.923519780430695,-83,70,-96,-7,10,41422,4120,LTE,20201,unknown,SM-G935F samsung 7.0,1,1
4382,1,0,0.965,1495104319.22564,1495105241332,39.36703978950872,22.923622715894194,-91,70,-100,-8,12,41422,4120,LTE,20201,unknown,SM-G935F samsung 7.0,1,1
4383,1,0,0.963,1495104321.29558,1495105243405,39.36707709156675,22.923740511013637,-87,90,-98,-6,12,41422,4120,LTE,20201,unknown,SM-G935F samsung 7.0,1,1
4384,1,0,0.949,1495104323.37669,1495105245471,39.36712552930219,22.92390663678163,-93,60,-101,-8,12,41422,4120,LTE,20201,unknown,SM-G935F samsung 7.0,1,1
4385,1,0,0.948,1495104325.44579,1495105247550,39.367152955668296,22.92401091808302,-87,70,-98,-8,12,41422,4120,LTE,20201,unknown,SM-G935F samsung 7.0,1,1
4386,1,0,0.948,1495104327.53551,1495105249628,39.36719233134598,22.924129552934264,-101,60,-105,-8,9,41422,4120,LTE,20201,unknown,SM-G935F samsung 7.0,1,1
4387,1,0,0.95,1495104329.61669,1495105251710,39.36722898623602,22.924251900058323,-93,50,-101,-9,12,41422,4120,LTE,20201,unknown,SM-G935F samsung 7.0,1,1
4388,1,0,0.946,1495104331.69752,1495105253791,39.367260006326404,22.924381392331714,-95,20,-102,-10,14,41422,4120,LTE,20201,unknown,SM-G935F samsung 7.0,1,1
4389,1,0,0.948,1495104333.84397,1495105255870,39.367289601259,22.924511663541562,-103,20,-106,-11,10,41422,4120,LTE,20201,unknown,SM-G935F samsung 7.0,1,1
4390,1,0,0.949,1495104335.85178,1495105257950,39.36731419883474,22.92464917489901,-101,-1,-1,-1,-1,43762,4120,LTE,20201,unknown,SM-G935F samsung 7.0,1,1
4391,1,0,0.946,1495104337.91922,1495105260026,39.3673335288001,22.924790246331238,-99,-1,-1,-1,-1,43762,4120,LTE,20201,unknown,SM-G935F samsung 7.0,1,1
4392,1,0,0.963,1495104339.98946,1495105262101,39.36736308015447,22.924937350432103,-99,-1,-1,-1,-1,41422,4120,LTE,20201,unknown,SM-G935F samsung 7.0,1,1
4393,1,0,0.945,1495104342.06092,1495105264167,39.36739198264462,22.925080561405192,-81,-10,-95,-10,14,43762,4120,LTE,20201,unknown,SM-G935F samsung 7.0,1,1
4394,1,0,0.955,1495104344.13952,1495105266241,39.36742560881082,22.92521436643508,-85,40,-97,-9,14,43762,4120,LTE,20201,unknown,SM-G935F samsung 7.0,1,1
4395,1,0,0.964,1495104346.20752,1495105268321,39.36749927535488,22.925325674868937,-85,100,-97,-8,10,43762,4120,LTE,20201,unknown,SM-G935F samsung 7.0,1,1
4396,1,0,0.954,1495104348.27961,1495105270388,39.36762666034029,22.925470950931462,-91,120,-100,-7,10,43762,4120,LTE,20201,unknown,SM-G935F samsung 7.0,1,1
4397,1,0,0.948,1495104350.34996,1495105272455,39.36772067550659,22.925527905656608,-91,120,-100,-7,10,43762,4120,LTE,20201,unknown,SM-G935F samsung 7.0,1,1
4398,1,0,0.947,1495104352.4405,1495105274532,39.367799790496754,22.92557020205656,-91,120,-100,-7,10,43762,4120,LTE,20201,unknown,SM-G935F samsung 7.0,1,1
4399,1,0,0.947,1495104354.51712,1495105276613,39.367878848446345,22.92563678502677,-83,80,-96,-6,13,43762,4120,LTE,20201,unknown,SM-G935F samsung 7.0,1,1
4400,1,0,0.956,1495104356.5813,1495105278691,39.36795917320069,22.925719202960416,-87,100,-98,-6,12,43762,4120,LTE,20201,unknown,SM-G935F samsung 7.0,1,1
4401,1,0,0.946,1495104358.6492,1495105280759,39.368058332610154,22.92580268202927,-93,70,-101,-7,10,43762,4120,LTE,20201,unknown,SM-G935F samsung 7.0,1,1
4402,1,0,0.945,1495104360.74953,1495105282832,39.36815203299813,22.925866574878484,-91,40,-100,-8,11,43762,4120,LTE,20201,unknown,SM-G935F samsung 7.0,1,1
4403,1,0,0.947,1495104362.82795,1495105284924,39.36824453118694,22.92593178256105,-91,40,-100,-8,11,43762,4120,LTE,20201,unknown,SM-G935F samsung 7.0,1,1
4404,1,0,0.947,1495104364.90634,1495105287005,39.368347875923135,22.92599828864748,-97,-20,-103,-9,6,43762,4120,LTE,20201,unknown,SM-G935F samsung 7.0,1,1
4405,1,0,0.95,1495104366.98604,1495105289082,39.36845973123041,22.926058811188106,-93,40,-101,-7,12,43762,4120,LTE,20201,unknown,SM-G935F samsung 7.0,1,1
4406,1,0,0.95,1495104369.07616,1495105291165,39.36855956422015,22.926100184943248,-93,40,-101,-7,12,43762,4120,LTE,20201,unknown,SM-G935F samsung 7.0,1,1
4407,1,0,0.951,1495104371.15609,1495105293252,39.36865262970466,22.926159796786575,-91,90,-100,-8,11,43762,4120,LTE,20201,unknown,SM-G935F samsung 7.0,1,1
4408,1,0,0.942,1495104373.22603,1495105295332,39.36874618267982,22.926217958881146,-91,90,-100,-8,11,43762,4120,LTE,20201,unknown,SM-G935F samsung 7.0,1,1
4409,1,0,0.949,1495104375.29633,1495105297408,39.36889991276087,22.92631724774817,-91,90,-100,-8,11,43762,4120,LTE,20201,unknown,SM-G935F samsung 7.0,1,1
4410,1,0,0.947,1495104377.36674,1495105299478,39.368999885245934,22.92637946318628,-91,90,-100,-8,11,43762,4120,LTE,20201,unknown,SM-G935F samsung 7.0,1,1
4411,1,0,0.948,1495104379.44598,1495105301550,39.36909260268481,22.926436714485366,-85,110,-97,-7,12,43762,4120,LTE,20201,unknown,SM-G935F samsung 7.0,1,1
4412,1,0,0.948,1495104381.52727,1495105303630,39.36919344020851,22.926484246981342,-91,100,-100,-8,10,43762,4120,LTE,20201,unknown,SM-G935F samsung 7.0,1,1
4413,1,0,0.949,1495104383.63209,1495105305710,39.36929874170127,22.926538602365003,-85,100,-97,-7,11,43762,4120,LTE,20201,unknown,SM-G935F samsung 7.0,1,1
4414,1,0,0.948,1495104385.69604,1495105307792,39.36940129273064,22.926601770549677,-85,100,-97,-7,11,43762,4120,LTE,20201,unknown,SM-G935F samsung 7.0,1,1
4415,1,0,0.948,1495104387.77577,1495105309872,39.369476701269875,22.926673963446664,-85,100,-97,-7,11,43762,4120,LTE,20201,unknown,SM-G935F samsung 7.0,1,1
4416,1,0,0.947,1495104389.84564,1495105311952,39.36954309211229,22.926747366851234,-93,70,-101,-9,12,43762,4120,LTE,20201,unknown,SM-G935F samsung 7.0,1,1
4417,1,0,0.947,1495104391.93586,1495105314030,39.369596567656835,22.92683102329956,-93,70,-101,-9,12,43762,4120,LTE,20201,unknown,SM-G935F samsung 7.0,1,1
4418,1,0,0.944,1495104394.01567,1495105316111,39.36964852009568,22.926909757518146,-93,110,-101,-7,10,43762,4120,LTE,20201,unknown,SM-G935F samsung 7.0,1,1
4419,1,0,0.952,1495104396.10548,1495105318197,39.36970482724544,22.926984124489913,-89,100,-99,-9,11,43762,4120,LTE,20201,unknown,SM-G935F samsung 7.0,1,1
4420,1,0,0.955,1495104398.17818,1495105320282,39.36975114596622,22.92706518108331,-89,100,-99,-9,11,43762,4120,LTE,20201,unknown,SM-G935F samsung 7.0,1,1
4421,1,0,0.963,1495104400.25486,1495105322355,39.36981286281641,22.927148518433786,-95,40,-102,-9,14,41422,4120,LTE,20201,unknown,SM-G935F samsung 7.0,1,1
4422,1,0,0.955,1495104402.31651,1495105324424,39.36989585882157,22.927215890537045,-93,20,-101,-8,6,43762,4120,LTE,20201,unknown,SM-G935F samsung 7.0,1,1
4423,1,0,0.946,1495104404.38651,1495105326499,39.36995241411444,22.927249813837857,-87,80,-98,-9,9,43762,4120,LTE,20201,unknown,SM-G935F samsung 7.0,1,1
4424,1,0,0.947,1495104406.46635,1495105328569,39.37000573385026,22.92728064219971,-83,110,-96,-7,12,43762,4120,LTE,20201,unknown,SM-G935F samsung 7.0,1,1
4425,1,0,0.963,1495104408.55658,1495105330642,39.37007200476071,22.92730261252215,-69,130,-89,-7,13,43762,4120,LTE,20201,unknown,SM-G935F samsung 7.0,1,1
4426,1,0,0.948,1495104410.63635,1495105332736,39.370155848797225,22.927338788251607,-81,120,-95,-8,11,43762,4120,LTE,20201,unknown,SM-G935F samsung 7.0,1,1
4427,1,0,0.946,1495104412.71634,1495105334821,39.37024901854392,22.92738433025284,-89,110,-99,-8,10,43762,4120,LTE,20201,unknown,SM-G935F samsung 7.0,1,1
4428,1,0,0.948,1495104414.79618,1495105336900,39.37034022870681,22.927430186650746,-85,90,-97,-9,11,43762,4120,LTE,20201,unknown,SM-G935F samsung 7.0,1,1
4429,1,0,0.948,1495104416.87811,1495105338980,39.37043473225191,22.92746346134805,-79,60,-94,-8,14,43762,4120,LTE,20201,unknown,SM-G935F samsung 7.0,1,1
4430,1,0,0.939,1495104418.97614,1495105341061,39.370526996732664,22.92749783826446,-87,70,-98,-8,11,43762,4120,LTE,20201,unknown,SM-G935F samsung 7.0,1,1
4431,1,0,0.95,1495104421.0575,1495105343153,39.3706292498298,22.927534278266954,-87,70,-98,-8,11,43762,4120,LTE,20201,unknown,SM-G935F samsung 7.0,1,1
4432,1,0,0.951,1495104423.13626,1495105345233,39.370723900399625,22.92757673324642,-87,70,-98,-8,11,43762,4120,LTE,20201,unknown,SM-G935F samsung 7.0,1,1
4433,1,0,0.949,1495104425.20614,1495105347312,39.37082340189937,22.927623339199023,-89,140,-99,-7,11,43762,4120,LTE,20201,unknown,SM-G935F samsung 7.0,1,1
4434,1,0,0.964,1495104427.27616,1495105349389,39.3709244952691,22.92768100700146,-87,120,-98,-8,12,43762,4120,LTE,20201,unknown,SM-G935F samsung 7.0,1,1
4435,1,0,0.948,1495104429.34713,1495105351452,39.37107361559887,22.92776040368771,-83,140,-96,-7,12,43762,4120,LTE,20201,unknown,SM-G935F samsung 7.0,1,1
4436,1,0,0.946,1495104431.43621,1495105353529,39.37116896756476,22.92780622832842,-81,160,-95,-7,14,43762,4120,LTE,20201,unknown,SM-G935F samsung 7.0,1,1
4437,1,0,0.944,1495104433.51403,1495105355612,39.37125840964109,22.927857908127123,-73,160,-91,-6,15,43762,4120,LTE,20201,unknown,SM-G935F samsung 7.0,1,1
4438,1,0,0.949,1495104435.58583,1495105357690,39.37136054206501,22.92790553412955,-81,170,-95,-7,14,43762,4120,LTE,20201,unknown,SM-G935F samsung 7.0,1,1
4439,1,0,0.949,1495104437.67637,1495105359768,39.371455034821714,22.927960199618465,-85,150,-97,-8,14,43762,4120,LTE,20201,unknown,SM-G935F samsung 7.0,1,1
4440,1,0,0.949,1495104439.75684,1495105361854,39.37153872499468,22.928009187543502,-91,140,-100,-8,12,43762,4120,LTE,20201,unknown,SM-G935F samsung 7.0,1,1
4441,1,0,0.948,1495104441.82674,1495105363933,39.37160837157563,22.928046311716532,-89,130,-99,-8,9,43762,4120,LTE,20201,unknown,SM-G935F samsung 7.0,1,1
4442,1,0,0.946,1495104443.90582,1495105366011,39.3716795951739,22.92807626030187,-89,130,-99,-8,9,43762,4120,LTE,20201,unknown,SM-G935F samsung 7.0,1,1
4443,1,0,0.955,1495104445.9857,1495105368091,39.37175165207506,22.92810845317463,-89,130,-99,-8,9,43762,4120,LTE,20201,unknown,SM-G935F samsung 7.0,1,1
4444,1,0,0.949,1495104448.07562,1495105370168,39.3718290922944,22.92814026344804,-89,130,-99,-8,9,43762,4120,LTE,20201,unknown,SM-G935F samsung 7.0,1,1
4445,1,0,0.949,1495104450.1604,1495105372251,39.37188947355616,22.928165914428522,-83,120,-96,-7,11,43762,4120,LTE,20201,unknown,SM-G935F samsung 7.0,1,1
4446,1,0,0.952,1495104452.2271,1495105374331,39.371955826291085,22.92820295495679,-91,110,-100,-8,12,43762,4120,LTE,20201,unknown,SM-G935F samsung 7.0,1,1
4447,1,0,0.963,1495104454.29586,1495105376403,39.37207056382035,22.928262284821326,-93,110,-101,-8,11,43762,4120,LTE,20201,unknown,SM-G935F samsung 7.0,1,1
4448,1,0,0.949,1495104456.37555,1495105378479,39.372137192428966,22.928294866535612,-99,80,-104,-9,8,43762,4120,LTE,20201,unknown,SM-G935F samsung 7.0,1,1
4449,1,0,0.945,1495104458.4562,1495105380552,39.37218879264795,22.92830413448173,-105,-1,-1,-1,-1,43762,4120,LTE,20201,unknown,SM-G935F samsung 7.0,1,1
4450,1,0,0.944,1495104460.53554,1495105382638,39.37222691834071,22.928332943192,-99,80,-104,-9,10,43762,4120,LTE,20201,unknown,SM-G935F samsung 7.0,1,1
4451,1,0,0.945,1495104462.62667,1495105384720,39.37225677860992,22.928401108667657,-99,80,-104,-9,10,43762,4120,LTE,20201,unknown,SM-G935F samsung 7.0,1,1
4452,1,0,0.949,1495104464.70767,1495105386802,39.372317842012585,22.92848565162691,-99,60,-104,-9,8,43762,4120,LTE,20201,unknown,SM-G935F samsung 7.0,1,1
4453,1,0,0.948,1495104466.78666,1495105388882,39.37237446126614,22.928554296055086,-103,70,-106,-9,11,43762,4120,LTE,20201,unknown,SM-G935F samsung 7.0,1,1
4454,1,0,0.949,1495104468.86554,1495105390963,39.37239817815898,22.9286243840011,-103,70,-106,-9,11,43762,4120,LTE,20201,unknown,SM-G935F samsung 7.0,1,1
4455,1,0,0.947,1495104470.95586,1495105393047,39.3724361250958,22.928703941543514,-107,70,-108,-8,9,43762,4120,LTE,20201,unknown,SM-G935F samsung 7.0,1,1
4456,1,0,0.943,1495104473.0355,1495105395133,39.372484598245535,22.92879585197688,-97,50,-103,-9,8,43762,4120,LTE,20201,unknown,SM-G935F samsung 7.0,1,1
4457,1,0,0.947,1495104475.13438,1495105397215,39.372529908270266,22.928900079966347,-103,50,-106,-10,7,43762,4120,LTE,20201,unknown,SM-G935F samsung 7.0,1,1
4458,1,0,0.953,1495104477.18544,1495105399293,39.37258194188525,22.929025558498026,-101,70,-105,-9,9,43762,4120,LTE,20201,unknown,SM-G935F samsung 7.0,1,1
4459,1,0,0.965,1495104479.25558,1495105401366,39.372620583263675,22.929163115477177,-99,70,-104,-9,9,43762,4120,LTE,20201,unknown,SM-G935F samsung 7.0,1,1
4460,1,0,0.946,1495104481.33691,1495105403434,39.37272108770807,22.92936244269833,-103,60,-106,-9,9,43762,4120,LTE,20201,unknown,SM-G935F samsung 7.0,1,1
4461,1,0,0.947,1495104483.40549,1495105405511,39.37276679793765,22.929487209997923,-89,90,-99,-8,10,43762,4120,LTE,20201,unknown,SM-G935F samsung 7.0,1,1
4462,1,0,0.947,1495104485.48577,1495105407589,39.37280811782977,22.929601834902734,-101,100,-105,-8,9,43762,4120,LTE,20201,unknown,SM-G935F samsung 7.0,1,1
4463,1,0,0.948,1495104487.57547,1495105409671,39.3728576212953,22.92973179147333,-95,80,-102,-8,9,43762,4120,LTE,20201,unknown,SM-G935F samsung 7.0,1,1
4464,1,0,0.947,1495104489.64574,1495105411752,39.37295592793041,22.929863805637044,-91,100,-100,-8,14,43762,4120,LTE,20201,unknown,SM-G935F samsung 7.0,1,1
4465,1,0,0.95,1495104491.73544,1495105413830,39.37302017837715,22.929967518575086,-97,100,-103,-7,11,43762,4120,LTE,20201,unknown,SM-G935F samsung 7.0,1,1
4466,1,0,0.952,1495104493.82392,1495105415913,39.37305661744331,22.930085267100054,-97,100,-103,-7,11,43762,4120,LTE,20201,unknown,SM-G935F samsung 7.0,1,1
4467,1,0,0.947,1495104495.88547,1495105417996,39.37310786361171,22.930184257801194,-95,-1,-1,-1,-1,43762,4120,LTE,20201,unknown,SM-G935F samsung 7.0,1,1
4468,1,0,0.95,1495104497.97498,1495105420071,39.37314462987827,22.930267207527088,-91,120,-100,-7,9,43762,4120,LTE,20201,unknown,SM-G935F samsung 7.0,1,1
4469,1,0,0.947,1495104500.04485,1495105422153,39.3731900976547,22.9303359999891,-81,130,-95,-7,12,43762,4120,LTE,20201,unknown,SM-G935F samsung 7.0,1,1
4470,1,0,0.935,1495104502.12498,1495105424229,39.37323514476829,22.930400774893887,-77,130,-93,-6,12,43762,4120,LTE,20201,unknown,SM-G935F samsung 7.0,1,1
4471,1,0,0.955,1495104504.2054,1495105426311,39.37325132000682,22.930423668524412,-87,130,-98,-7,9,43762,4120,LTE,20201,unknown,SM-G935F samsung 7.0,1,1
4472,1,0,0.947,1495104506.27484,1495105428388,39.373253915128686,22.93042640020793,-83,130,-96,-8,8,43762,4120,LTE,20201,unknown,SM-G935F samsung 7.0,1,1
4473,1,0,0.947,1495104508.36081,1495105430459,39.37327370110711,22.93046218406269,-69,130,-89,-7,15,43762,4120,LTE,20201,unknown,SM-G935F samsung 7.0,1,1
4474,1,0,0.948,1495104510.43485,1495105432529,39.37331185695015,22.930527986400083,-89,120,-99,-8,14,43762,4120,LTE,20201,unknown,SM-G935F samsung 7.0,1,1
4475,1,0,0.946,1495104512.50466,1495105434612,39.373339654545106,22.930640207500655,-93,110,-101,-8,13,43762,4120,LTE,20201,unknown,SM-G935F samsung 7.0,1,1
4476,1,0,0.949,1495104514.59553,1495105436691,39.37336756440459,22.930757264258474,-83,120,-96,-7,14,43762,4120,LTE,20201,unknown,SM-G935F samsung 7.0,1,1
4477,1,0,0.948,1495104516.67489,1495105438773,39.37339570882688,22.93087604708972,-91,120,-100,-8,12,43762,4120,LTE,20201,unknown,SM-G935F samsung 7.0,1,1
4478,1,0,0.949,1495104518.75549,1495105440852,39.37344122108377,22.930979697303194,-95,110,-102,-9,10,43762,4120,LTE,20201,unknown,SM-G935F samsung 7.0,1,1
4479,1,0,0.95,1495104520.83493,1495105442932,39.37349312015923,22.931057539466526,-91,100,-100,-8,13,43762,4120,LTE,20201,unknown,SM-G935F samsung 7.0,1,1
4480,1,0,0.948,1495104522.91445,1495105445013,39.373536244135174,22.931128734537968,-91,100,-100,-8,13,43762,4120,LTE,20201,unknown,SM-G935F samsung 7.0,1,1
4481,1,0,0.949,1495104524.99458,1495105447092,39.37356318874863,22.931187287373156,-89,110,-99,-8,13,43762,4120,LTE,20201,unknown,SM-G935F samsung 7.0,1,1
4482,1,0,0.952,1495104527.07451,1495105449172,39.37357949381283,22.931219927777157,-89,110,-99,-8,13,43762,4120,LTE,20201,unknown,SM-G935F samsung 7.0,1,1
4483,1,0,0.955,1495104529.16303,1495105451255,39.37359332339454,22.931222834073484,-87,90,-98,-7,10,43762,4120,LTE,20201,unknown,SM-G935F samsung 7.0,1,1
4484,1,0,0.954,1495104531.22466,1495105453335,39.37359423542426,22.93122342335478,-83,100,-96,-6,13,43762,4120,LTE,20201,unknown,SM-G935F samsung 7.0,1,1
4485,1,0,0.953,1495104533.29452,1495105455406,39.37359483815796,22.93122379140188,-85,120,-97,-7,14,43762,4120,LTE,20201,unknown,SM-G935F samsung 7.0,1,1
4486,1,0,0.95,1495104535.37465,1495105457474,39.37359570261052,22.931224287330124,-89,110,-99,-7,14,43762,4120,LTE,20201,unknown,SM-G935F samsung 7.0,1,1
4487,1,0,0.947,1495104537.4543,1495105459553,39.373596554407,22.931225174834996,-83,120,-96,-6,14,43762,4120,LTE,20201,unknown,SM-G935F samsung 7.0,1,1
4488,1,0,0.949,1495104539.53426,1495105461631,39.37359831815647,22.9312273899538,-91,130,-100,-8,12,43762,4120,LTE,20201,unknown,SM-G935F samsung 7.0,1,1
4489,1,0,0.948,1495104541.61407,1495105463713,39.3736144742006,22.931265019747464,-93,130,-101,-7,11,43762,4120,LTE,20201,unknown,SM-G935F samsung 7.0,1,1
4490,1,0,0.949,1495104543.69434,1495105465793,39.373641792383715,22.931254902717626,-93,130,-101,-7,11,43762,4120,LTE,20201,unknown,SM-G935F samsung 7.0,1,1
4491,1,0,0.948,1495104545.78398,1495105467874,39.373703238258635,22.93117474516342,-103,90,-106,-10,9,43762,4120,LTE,20201,unknown,SM-G935F samsung 7.0,1,1
4492,1,0,0.949,1495104547.86415,1495105469962,39.3737803912191,22.93111090519288,-105,-1,-1,-1,-1,43762,4120,LTE,20201,unknown,SM-G935F samsung 7.0,1,1
4493,1,0,0.953,1495104549.94206,1495105472043,39.373852170693766,22.931070569735134,-105,-1,-1,-1,-1,43762,4120,LTE,20201,unknown,SM-G935F samsung 7.0,1,1
4494,1,0,0.947,1495104552.01407,1495105474117,39.37394040963996,22.931024774471652,-99,80,-104,-8,9,43762,4120,LTE,20201,unknown,SM-G935F samsung 7.0,1,1
4495,1,0,0.95,1495104554.10396,1495105476201,39.37403787076632,22.930974904520607,-95,70,-102,-9,10,43762,4120,LTE,20201,unknown,SM-G935F samsung 7.0,1,1
4496,1,0,0.953,1495104556.1752,1495105478283,39.37412462332951,22.93091990652977,-97,100,-103,-8,10,43762,4120,LTE,20201,unknown,SM-G935F samsung 7.0,1,1
4497,1,0,0.949,1495104558.26511,1495105480355,39.37420174337545,22.930868879771705,-97,90,-103,-9,9,43762,4120,LTE,20201,unknown,SM-G935F samsung 7.0,1,1
4498,1,0,0.955,1495104560.32469,1495105482442,39.374339167089545,22.930795243038098,-91,-1,-1,-1,-1,43762,4120,LTE,20201,unknown,SM-G935F samsung 7.0,1,1
4499,1,0,0.946,1495104562.40445,1495105484507,39.374429942748954,22.930733630879228,-93,60,-101,-9,9,43762,4120,LTE,20201,unknown,SM-G935F samsung 7.0,1,1
4500,1,0,0.946,1495104564.48567,1495105486582,39.374523339442405,22.930660542498817,-93,60,-101,-9,9,43762,4120,LTE,20201,unknown,SM-G935F samsung 7.0,1,1
4501,1,0,0.949,1495104566.56372,1495105488661,39.37460985461116,22.93061176086053,-97,40,-103,-9,8,43762,4120,LTE,20201,unknown,SM-G935F samsung 7.0,1,1
4502,1,0,0.95,1495104568.64391,1495105490742,39.37467905546042,22.93056974571874,-85,50,-97,-8,14,43762,4120,LTE,20201,unknown,SM-G935F samsung 7.0,1,1
4503,1,0,0.946,1495104570.72183,1495105492823,39.37474891101017,22.93051335026755,-103,30,-106,-12,8,43762,4120,LTE,20201,unknown,SM-G935F samsung 7.0,1,1
4504,1,0,0.948,1495104572.80469,1495105494900,39.374819656386016,22.930458138636865,-105,20,-107,-11,11,43762,4120,LTE,20201,unknown,SM-G935F samsung 7.0,1,1
4505,1,0,0.951,1495104574.8856,1495105496984,39.37488445862738,22.930411715372205,-95,20,-102,-11,12,43762,4120,LTE,20201,unknown,SM-G935F samsung 7.0,1,1
4506,1,0,0.951,1495104576.97367,1495105499064,39.374957705056424,22.930363274032764,-107,10,-108,-11,6,43762,4120,LTE,20201,unknown,SM-G935F samsung 7.0,1,1
4507,1,0,0.947,1495104579.09388,1495105501158,39.37503582163961,22.93030671091649,-95,10,-102,-10,6,43762,4120,LTE,20201,unknown,SM-G935F samsung 7.0,1,1
4508,1,0,0.957,1495104581.16424,1495105503272,39.37511199930536,22.93025938525912,-109,-30,-109,-14,6,43762,4120,LTE,20201,unknown,SM-G935F samsung 7.0,1,1
4509,1,0,0.956,1495104583.23556,1495105505346,39.37518182166985,22.930198341807515,-105,0,-107,-11,9,43762,4120,LTE,20201,unknown,SM-G935F samsung 7.0,1,1
4510,1,0,0.964,1495104585.30469,1495105507418,39.375286006088075,22.93012049441531,-97,-10,-103,-10,2,43763,4120,LTE,20201,unknown,SM-G935F samsung 7.0,1,1
4511,1,0,0.954,1495104587.37535,1495105509483,39.37536344866504,22.930065891608603,-97,-10,-103,-10,2,43763,4120,LTE,20201,unknown,SM-G935F samsung 7.0,1,1
4512,1,0,0.945,1495104589.4544,1495105511561,39.37541337061377,22.930017201664658,-99,50,-104,-10,9,43763,4120,LTE,20201,unknown,SM-G935F samsung 7.0,1,1
4513,1,0,0.948,1495104591.54574,1495105513642,39.37549632692546,22.92995051761034,-107,30,-108,-10,8,43763,4120,LTE,20201,unknown,SM-G935F samsung 7.0,1,1
4514,1,0,0.95,1495104593.62483,1495105515726,39.37558478892565,22.92989907891494,-95,40,-102,-10,12,43763,4120,LTE,20201,unknown,SM-G935F samsung 7.0,1,1
4515,1,0,0.949,1495104595.70434,1495105517805,39.37567930485247,22.929814452210636,-95,50,-102,-8,10,43763,4120,LTE,20201,unknown,SM-G935F samsung 7.0,1,1
4516,1,0,0.947,1495104597.78433,1495105519884,39.37577121357697,22.929727774171784,-99,40,-104,-9,9,43763,4120,LTE,20201,unknown,SM-G935F samsung 7.0,1,1
4517,1,0,0.949,1495104599.86536,1495105521963,39.375853517983096,22.929687270237523,-101,60,-105,-8,10,43763,4120,LTE,20201,unknown,SM-G935F samsung 7.0,1,1
4518,1,0,0.951,1495104601.94457,1495105524044,39.3759344594102,22.929638060732874,-101,50,-105,-10,10,43763,4120,LTE,20201,unknown,SM-G935F samsung 7.0,1,1
4519,1,0,0.944,1495104604.01487,1495105526126,39.37600384251032,22.929593001641386,-95,60,-102,-8,14,43763,4120,LTE,20201,unknown,SM-G935F samsung 7.0,1,1
4520,1,0,0.952,1495104606.09413,1495105528201,39.37608555287236,22.9295247481323,-95,50,-102,-10,10,43763,4120,LTE,20201,unknown,SM-G935F samsung 7.0,1,1
4521,1,0,0.944,1495104608.17207,1495105530278,39.37615326933601,22.9294755585071,-95,50,-102,-10,10,43763,4120,LTE,20201,unknown,SM-G935F samsung 7.0,1,1
4522,1,0,0.953,1495104610.23449,1495105532344,39.3762326801674,22.929413511955925,-97,50,-103,-9,10,43763,4120,LTE,20201,unknown,SM-G935F samsung 7.0,1,1
4523,1,0,0.965,1495104612.30391,1495105534415,39.37635453481947,22.92932556772983,-93,60,-101,-8,11,43763,4120,LTE,20201,unknown,SM-G935F samsung 7.0,1,1
4524,1,0,0.951,1495104614.38578,1495105536484,39.37642630016758,22.929259156681827,-99,-1,-1,-1,-1,43763,4120,LTE,20201,unknown,SM-G935F samsung 7.0,1,1
4525,1,0,0.938,1495104616.45426,1495105538564,39.376497583798866,22.92920744908897,-81,50,-95,-8,11,43763,4120,LTE,20201,unknown,SM-G935F samsung 7.0,1,1
4526,1,0,0.945,1495104618.53447,1495105540643,39.37656820927783,22.929147159506243,-93,50,-101,-8,10,43763,4120,LTE,20201,unknown,SM-G935F samsung 7.0,1,1
4527,1,0,0.948,1495104620.62204,1495105542721,39.37663810370359,22.929101274594554,-97,40,-103,-10,8,43763,4120,LTE,20201,unknown,SM-G935F samsung 7.0,1,1
4528,1,0,0.946,1495104622.71124,1495105544804,39.376717495324634,22.92904549772718,-93,-70,-101,-10,6,43763,4120,LTE,20201,unknown,SM-G935F samsung 7.0,1,1
4529,1,0,0.841,1495104624.82095,1495105546897,39.37678446151326,22.929014525958774,-89,20,-99,-11,11,43763,4120,LTE,20201,unknown,SM-G935F samsung 7.0,1,1
4530,1,0,0.946,1495104626.91074,1495105549004,39.37684418908599,22.92897906602401,-97,20,-103,-11,11,43763,4120,LTE,20201,unknown,SM-G935F samsung 7.0,1,1
4531,1,0,0.953,1495104628.99081,1495105551091,39.37691251084348,22.92894421373849,-99,30,-104,-10,10,43763,4120,LTE,20201,unknown,SM-G935F samsung 7.0,1,1
4532,1,0,0.943,1495104631.08183,1495105553177,39.37699118663227,22.928908824728715,-99,20,-104,-11,11,43763,4120,LTE,20201,unknown,SM-G935F samsung 7.0,1,1
4533,1,0,0.949,1495104633.1632,1495105555267,39.377074956026505,22.92885289525728,-83,30,-96,-10,11,43763,4120,LTE,20201,unknown,SM-G935F samsung 7.0,1,1
4534,1,0,0.962,1495104635.2336,1495105557347,39.377150889603286,22.92880303291644,-83,20,-96,-10,13,43763,4120,LTE,20201,unknown,SM-G935F samsung 7.0,1,1
4535,1,0,0.962,1495104637.29051,1495105559410,39.37727703476575,22.928724143101416,-95,20,-102,-10,13,43763,4120,LTE,20201,unknown,SM-G935F samsung 7.0,1,1
4536,1,0,0.954,1495104820.16777,1495105741353,39.36563388,22.92519379,-71,45,-101,-10,-1,1573,4061,LTE,20205,unknown,Nexus 5X LGE 7.1.2,1,1
4537,1,0,0.952,1495104822.28907,1495105743623,39.36570041,22.92512691,-71,45,-101,-10,-1,1573,4061,LTE,20205,unknown,Nexus 5X LGE 7.1.2,1,1
4538,1,0,1.88,1495104825.32826,1495105745712,39.36570281,22.92512424,-71,45,-101,-10,-1,1573,4061,LTE,20205,unknown,Nexus 5X LGE 7.1.2,1,1
4539,1,0,1.855,1495104828.32774,1495105748769,39.36571281,22.92508854,-71,45,-101,-10,-1,1573,4061,LTE,20205,unknown,Nexus 5X LGE 7.1.2,1,1
4540,1,0,0.961,1495104830.387,1495105751746,39.36571382,22.92509139,-71,45,-101,-10,-1,1573,4061,LTE,20205,unknown,Nexus 5X LGE 7.1.2,1,1
4541,1,0,0.964,1495104832.76816,1495105754109,39.36564398,22.92521452,-71,45,-101,-10,-1,1573,4061,LTE,20205,unknown,Nexus 5X LGE 7.1.2,1,1
4542,1,0,0.948,1495104834.82796,1495105756184,39.36556174,22.92535928,-71,45,-101,-10,-1,1573,4061,LTE,20205,unknown,Nexus 5X LGE 7.1.2,1,1
4543,1,0,0.956,1495104836.92706,1495105758246,39.36547116,22.925526,-71,45,-101,-10,-1,1573,4061,LTE,20205,unknown,Nexus 5X LGE 7.1.2,1,1
4544,1,0,0.944,1495104839.02679,1495105760358,39.36536975,22.92574013,-71,45,-101,-10,-1,1573,4061,LTE,20205,unknown,Nexus 5X LGE 7.1.2,1,1
4545,1,0,0.962,1495104841.12753,1495105762453,39.36527974,22.92596414,-71,45,-101,-10,-1,1573,4061,LTE,20205,unknown,Nexus 5X LGE 7.1.2,1,1
4546,1,0,1.387,1495104844.32693,1495105764860,39.36513955,22.92632708,-71,45,-101,-10,-1,1573,4061,LTE,20205,unknown,Nexus 5X LGE 7.1.2,1,1
4547,1,0,1.849,1495104847.34877,1495105767761,39.36503652,22.92657662,-71,45,-101,-10,-1,1573,4061,LTE,20205,unknown,Nexus 5X LGE 7.1.2,1,1
4602,1,0,0.945,1495104977.91994,1495105563539,39.37741569119904,22.92859063799421,-85,30,-97,-9,11,43763,4120,LTE,20201,unknown,SM-G935F samsung 7.0,1,1
4603,1,1,0.948,1495104977.97735,1495105584567,39.37822666121233,22.928041812897966,-103,-1,-1,-1,-1,45032,4120,LTE,20201,unknown,SM-G935F samsung 7.0,1,1
4604,1,2,0.949,1495104977.9774,1495105605590,39.37884878099264,22.92722272160907,-97,10,-103,-8,2,43763,4120,LTE,20201,unknown,SM-G935F samsung 7.0,1,1
4605,1,3,0.95,1495104977.97751,1495105626618,39.3794674126934,22.9265151933939,-105,40,-107,-13,2,43763,4120,LTE,20201,unknown,SM-G935F samsung 7.0,1,1
4606,1,4,0.951,1495104977.97755,1495105647646,39.37968730309754,22.926403404393664,-101,-1,-1,-1,-1,43763,4120,LTE,20201,unknown,SM-G935F samsung 7.0,1,1
4607,1,5,0.952,1495104977.97758,1495105668675,39.37995934294259,22.92634172747414,-83,-10,-96,-11,6,43763,4120,LTE,20201,unknown,SM-G935F samsung 7.0,1,1
4608,1,6,0.954,1495104977.9776,1495105689699,39.38079916520925,22.92591902155925,-95,100,-102,-9,2,43763,4120,LTE,20201,unknown,SM-G935F samsung 7.0,1,1
4609,1,7,0.955,1495104977.97763,1495105710728,39.38135145935121,22.924989725764426,-83,10,-96,-9,2,43763,4120,LTE,20201,unknown,SM-G935F samsung 7.0,1,1
4610,1,8,0.957,1495104977.97766,1495105731756,39.381856795504014,22.924096876069946,-89,70,-99,-8,2,43763,4120,LTE,20201,unknown,SM-G935F samsung 7.0,1,1
4611,1,9,0.958,1495104977.9777,1495105752783,39.382444070853175,22.923039505802873,-91,80,-100,-8,11,43763,4120,LTE,20201,unknown,SM-G935F samsung 7.0,1,1
5824,1,0,0.947,1495221064.15216,1495221987652,39.36516136698914,22.95090596302216,-101,140,-105,-6,12,40257,4120,LTE,20201,unknown,SM-G935F samsung 7.0,1,1
5825,1,0,0.932,1495221066.232,1495221989739,39.36518175833553,22.950932460117695,-101,140,-105,-6,12,40257,4120,LTE,20201,unknown,SM-G935F samsung 7.0,1,1
5826,1,0,0.951,1495221068.31227,1495221991817,39.36518929507419,22.950967137349352,-101,140,-105,-6,12,40257,4120,LTE,20201,unknown,SM-G935F samsung 7.0,1,1
5827,1,0,0.954,1495221070.39219,1495221993896,39.36517007232067,22.9509912683454,-101,140,-105,-6,12,40257,4120,LTE,20201,unknown,SM-G935F samsung 7.0,1,1
5828,1,0,0.94,1495221072.48179,1495221995976,39.36514680167979,22.950999575301434,-103,160,-106,-6,10,40257,4120,LTE,20201,unknown,SM-G935F samsung 7.0,1,1
5829,1,0,0.94,1495221074.57152,1495221998068,39.36512464464785,22.95100024808217,-97,140,-103,-6,11,40257,4120,LTE,20201,unknown,SM-G935F samsung 7.0,1,1
5830,1,0,0.939,1495221076.66245,1495222000158,39.36510258846907,22.951002122105642,-93,170,-101,-5,12,40257,4120,LTE,20201,unknown,SM-G935F samsung 7.0,1,1
5831,1,0,0.936,1495221078.76116,1495222002247,39.365088857026315,22.951004968390603,-105,150,-107,-7,11,40257,4120,LTE,20201,unknown,SM-G935F samsung 7.0,1,1
5832,1,0,0.934,1495221080.85906,1495222004345,39.3650912404688,22.951006105795855,-105,150,-107,-7,11,40257,4120,LTE,20201,unknown,SM-G935F samsung 7.0,1,1
5833,1,0,0.941,1495221082.95156,1495222006442,39.365090705210584,22.951004588797687,-109,150,-109,-6,10,40257,4120,LTE,20201,unknown,SM-G935F samsung 7.0,1,1
5834,1,0,0.937,1495221085.05292,1495222008538,39.36508737765572,22.950995981846642,-97,140,-103,-6,10,40257,4120,LTE,20201,unknown,SM-G935F samsung 7.0,1,1
5835,1,0,0.941,1495221087.14064,1495222010637,39.36508355260762,22.950993403430314,-109,150,-109,-6,10,40257,4120,LTE,20201,unknown,SM-G935F samsung 7.0,1,1
5836,1,0,0.941,1495221089.24104,1495222012727,39.36508355260762,22.950993403430314,-101,170,-105,-4,11,40257,4120,LTE,20201,unknown,SM-G935F samsung 7.0,1,1
5837,1,0,0.944,1495221091.33069,1495222014830,39.36508355260762,22.950993403430314,-109,160,-109,-6,11,40257,4120,LTE,20201,unknown,SM-G935F samsung 7.0,1,1
5838,1,0,0.943,1495221093.41074,1495222016917,39.365015737080206,22.951011991915774,-107,130,-108,-7,14,40257,4120,LTE,20201,unknown,SM-G935F samsung 7.0,1,1
5839,1,0,0.935,1495221095.50079,1495222018998,39.36502439648678,22.951038955429432,-111,130,-110,-6,11,40257,4120,LTE,20201,unknown,SM-G935F samsung 7.0,1,1
5840,1,0,0.945,1495221097.58081,1495222021088,39.36500117099809,22.951069445982757,-111,130,-110,-6,11,40257,4120,LTE,20201,unknown,SM-G935F samsung 7.0,1,1
5841,1,0,0.939,1495221099.68072,1495222023171,39.36496500479372,22.95111487333417,-107,120,-108,-7,11,40257,4120,LTE,20201,unknown,SM-G935F samsung 7.0,1,1
5842,1,0,0.944,1495221101.77058,1495222025264,39.364940971140264,22.95118221119067,-105,120,-107,-7,10,40257,4120,LTE,20201,unknown,SM-G935F samsung 7.0,1,1
5843,1,0,0.932,1495221103.87074,1495222027360,39.364924115787275,22.951256189349213,-109,100,-109,-9,10,40257,4120,LTE,20201,unknown,SM-G935F samsung 7.0,1,1
5844,1,0,0.938,1495221105.98077,1495222029458,39.36488099466706,22.951329717363727,-113,110,-113,-8,8,40257,4120,LTE,20201,unknown,SM-G935F samsung 7.0,1,1
5845,1,0,0.921,1495221108.05902,1495222031554,39.364818823243006,22.95141557436455,-107,100,-108,-7,14,40257,4120,LTE,20201,unknown,SM-G935F samsung 7.0,1,1
5846,1,0,0.949,1495221110.14899,1495222033647,39.36472568158535,22.951480826512462,-97,20,-103,-6,6,40268,4120,LTE,20201,unknown,SM-G935F samsung 7.0,1,1
5847,1,0,0.942,1495221112.2522,1495222035735,39.36464376931781,22.95156136393152,-113,40,-113,-12,6,40257,4120,LTE,20201,unknown,SM-G935F samsung 7.0,1,1
5848,1,0,0.944,1495221114.33253,1495222037831,39.36455905691675,22.951647937474092,-113,40,-113,-12,6,40257,4120,LTE,20201,unknown,SM-G935F samsung 7.0,1,1
5849,1,0,0.944,1495221116.41228,1495222039917,39.36448736993332,22.95178236627531,-113,80,-111,-8,13,40257,4120,LTE,20201,unknown,SM-G935F samsung 7.0,1,1
5850,1,0,0.938,1495221118.50085,1495222041999,39.36446829911204,22.951874786455186,-109,90,-109,-9,10,40257,4120,LTE,20201,unknown,SM-G935F samsung 7.0,1,1
5851,1,0,0.945,1495221120.57896,1495222044086,39.36443568387459,22.951962961782385,-83,90,-96,-5,12,40268,4120,LTE,20201,unknown,SM-G935F samsung 7.0,1,1
5852,1,0,0.94,1495221122.69404,1495222046171,39.364381332626515,22.95201274314153,-113,90,-112,-8,10,40268,4120,LTE,20201,unknown,SM-G935F samsung 7.0,1,1
5853,1,0,0.926,1495221124.77411,1495222048260,39.36432560439691,22.952080537302507,-113,30,-118,-8,7,40257,4120,LTE,20201,unknown,SM-G935F samsung 7.0,1,1
5854,1,0,0.935,1495221126.88036,1495222050368,39.36426245431425,22.95217090276882,-107,90,-108,-9,11,40257,4120,LTE,20201,unknown,SM-G935F samsung 7.0,1,1
5855,1,0,0.939,1495221128.99891,1495222052472,39.36421202659976,22.95225593610517,-107,90,-108,-9,11,40257,4120,LTE,20201,unknown,SM-G935F samsung 7.0,1,1
5856,1,0,0.95,1495221131.07586,1495222054577,39.364153915084415,22.952349733220743,-107,110,-108,-8,14,40257,4120,LTE,20201,unknown,SM-G935F samsung 7.0,1,1
5857,1,0,0.949,1495221133.67928,1495222056665,39.36411057084713,22.952455496165996,-107,40,-108,-9,10,40268,4120,LTE,20201,unknown,SM-G935F samsung 7.0,1,1
5858,1,0,0.947,1495221135.25866,1495222058753,39.36404112979064,22.952551797282524,-107,40,-108,-9,10,40257,4120,LTE,20201,unknown,SM-G935F samsung 7.0,1,1
5859,1,0,0.947,1495221137.36793,1495222060840,39.363981074985396,22.952653880043204,-113,70,-117,-9,11,40257,4120,LTE,20201,unknown,SM-G935F samsung 7.0,1,1
5860,1,0,0.94,1495221139.45505,1495222062940,39.36389677050667,22.952759278646315,-107,80,-108,-8,9,40257,4120,LTE,20201,unknown,SM-G935F samsung 7.0,1,1
5861,1,0,0.943,1495221141.53349,1495222065035,39.36385300885223,22.952834595280784,-107,80,-108,-8,9,40257,4120,LTE,20201,unknown,SM-G935F samsung 7.0,1,1
5862,1,0,0.937,1495221143.66091,1495222067124,39.3638168156586,22.952913053590073,-113,30,-111,-9,6,40257,4120,LTE,20201,unknown,SM-G935F samsung 7.0,1,1
5863,1,0,0.926,1495221145.78918,1495222069219,39.36377970142802,22.95300508697371,-113,60,-115,-10,9,40257,4120,LTE,20201,unknown,SM-G935F samsung 7.0,1,1
5864,1,0,0.928,1495221147.93587,1495222071360,39.36372735506598,22.953118731218044,-113,50,-113,-10,11,40257,4120,LTE,20201,unknown,SM-G935F samsung 7.0,1,1
5865,1,0,0.943,1495221149.95305,1495222073446,39.36366020448548,22.953202177630516,-113,50,-113,-9,11,40257,4120,LTE,20201,unknown,SM-G935F samsung 7.0,1,1
5866,1,0,0.925,1495221152.05863,1495222075541,39.36360004565838,22.953276305127133,-109,-1,-1,-1,-1,40257,4120,LTE,20201,unknown,SM-G935F samsung 7.0,1,1
5867,1,0,0.443,1495221154.34061,1495222077642,39.363543857613216,22.953357552732253,-109,-1,-1,-1,-1,40257,4120,LTE,20201,unknown,SM-G935F samsung 7.0,1,1
5868,1,0,0.928,1495221156.32239,1495222079816,39.363497376029976,22.953459988276606,-113,60,-116,-10,8,40251,4120,LTE,20201,unknown,SM-G935F samsung 7.0,1,1
5869,1,0,0.94,1495221158.40926,1495222081908,39.363427534239555,22.9536135704107,-113,30,-116,-10,6,40251,4120,LTE,20201,unknown,SM-G935F samsung 7.0,1,1
5870,1,0,0.935,1495221160.50166,1495222083992,39.36337916117139,22.953687975509574,-113,30,-116,-11,7,40251,4120,LTE,20201,unknown,SM-G935F samsung 7.0,1,1
5871,1,0,0.936,1495221162.59862,1495222086089,39.363354284553274,22.953763677381225,-113,30,-116,-11,7,40251,4120,LTE,20201,unknown,SM-G935F samsung 7.0,1,1
5872,1,0,0.939,1495221164.68867,1495222088184,39.36333116113425,22.95384246413415,-113,30,-116,-11,7,40251,4120,LTE,20201,unknown,SM-G935F samsung 7.0,1,1
5873,1,0,0.939,1495221166.77838,1495222090273,39.363265704175085,22.9539215119126,-113,10,-117,-12,9,40251,4120,LTE,20201,unknown,SM-G935F samsung 7.0,1,1
5874,1,0,0.943,1495221168.85863,1495222092364,39.36321294941016,22.954022240824084,-113,10,-119,-15,8,40251,4120,LTE,20201,unknown,SM-G935F samsung 7.0,1,1
5875,1,0,0.938,1495221170.9496,1495222094447,39.36315875649298,22.95412763058299,-113,10,-117,-13,8,40251,4120,LTE,20201,unknown,SM-G935F samsung 7.0,1,1
5876,1,0,0.939,1495221173.04533,1495222096534,39.36309360935945,22.954211346956516,-113,10,-117,-12,8,40251,4120,LTE,20201,unknown,SM-G935F samsung 7.0,1,1
5877,1,0,0.931,1495221175.13544,1495222098624,39.36303568621794,22.954297671662363,-113,10,-117,-12,8,40251,4120,LTE,20201,unknown,SM-G935F samsung 7.0,1,1
5878,1,0,0.963,1495221177.19922,1495222100713,39.36299752087165,22.954391376992028,-113,10,-113,-11,6,40251,4120,LTE,20201,unknown,SM-G935F samsung 7.0,1,1
5879,1,0,0.963,1495221179.279,1495222102790,39.3629539784983,22.954461496020468,-113,-10,-116,-11,7,41421,4120,LTE,20201,unknown,SM-G935F samsung 7.0,1,1
5880,1,0,0.957,1495221181.37205,1495222104866,39.362898850455146,22.954574934143068,-109,20,-109,-7,9,41421,4120,LTE,20201,unknown,SM-G935F samsung 7.0,1,1
5881,1,0,0.963,1495221183.45104,1495222106938,39.36279688759393,22.954734262537247,-107,30,-108,-9,11,41421,4120,LTE,20201,unknown,SM-G935F samsung 7.0,1,1
5882,1,0,0.933,1495221185.50611,1495222109007,39.362746353226946,22.954824688837235,-113,-80,-112,-12,6,40252,4120,LTE,20201,unknown,SM-G935F samsung 7.0,1,1
5883,1,0,0.821,1495221187.60565,1495222111093,39.3626972605583,22.95490870221778,-113,-40,-116,-14,8,40252,4120,LTE,20201,unknown,SM-G935F samsung 7.0,1,1
5884,1,0,0.962,1495221189.67043,1495222113188,39.36264429494335,22.954990977099076,-113,0,-112,-9,6,41421,4120,LTE,20201,unknown,SM-G935F samsung 7.0,1,1
5885,1,0,0.948,1495221191.74602,1495222115257,39.3625899110012,22.955073890048368,-113,0,-111,-10,11,41421,4120,LTE,20201,unknown,SM-G935F samsung 7.0,1,1
5886,1,0,0.954,1495221193.83387,1495222117333,39.36254533225182,22.955156268899266,-113,0,-116,-13,9,41421,4120,LTE,20201,unknown,SM-G935F samsung 7.0,1,1
5887,1,0,0.948,1495221195.93298,1495222119420,39.36248097754619,22.95523220922532,-113,0,-116,-13,9,41421,4120,LTE,20201,unknown,SM-G935F samsung 7.0,1,1
5888,1,0,0.95,1495221198.00678,1495222121505,39.36242218797642,22.955324101890245,-111,-10,-110,-10,10,41421,4120,LTE,20201,unknown,SM-G935F samsung 7.0,1,1
5889,1,0,0.947,1495221200.08982,1495222123593,39.362369825061215,22.955414282137728,-113,-20,-118,-13,7,41421,4120,LTE,20201,unknown,SM-G935F samsung 7.0,1,1
5890,1,0,0.95,1495221202.16607,1495222125674,39.3623175385639,22.95549087927931,-113,-20,-115,-12,8,41421,4120,LTE,20201,unknown,SM-G935F samsung 7.0,1,1
5891,1,0,0.951,1495221204.24678,1495222127756,39.36227242904358,22.955577038675973,-113,20,-115,-12,8,41421,4120,LTE,20201,unknown,SM-G935F samsung 7.0,1,1
5892,1,0,0.955,1495221206.31629,1495222129833,39.36221959514516,22.95567512153759,-113,10,-111,-9,12,41421,4120,LTE,20201,unknown,SM-G935F samsung 7.0,1,1
5893,1,0,0.962,1495221208.39366,1495222131908,39.362158082630444,22.955786997110792,-113,20,-114,-9,11,41421,4120,LTE,20201,unknown,SM-G935F samsung 7.0,1,1
5894,1,0,0.946,1495221210.46548,1495222133975,39.36209676760066,22.955868560276432,-113,-10,-116,-12,8,41421,4120,LTE,20201,unknown,SM-G935F samsung 7.0,1,1
5895,1,0,0.947,1495221212.53688,1495222136052,39.36206084307447,22.95596940874554,-113,10,-113,-9,8,41421,4120,LTE,20201,unknown,SM-G935F samsung 7.0,1,1
5896,1,0,0.948,1495221214.62061,1495222138132,39.36201415280833,22.956040112964622,-113,10,-117,-9,9,41421,4120,LTE,20201,unknown,SM-G935F samsung 7.0,1,1
5897,1,0,0.947,1495221216.73864,1495222140212,39.36197208281726,22.956139353459164,-113,-20,-116,-13,6,40252,4120,LTE,20201,unknown,SM-G935F samsung 7.0,1,1
5898,1,0,0.934,1495221218.81093,1495222142309,39.36194889489506,22.956263547527435,-113,-20,-116,-13,6,40252,4120,LTE,20201,unknown,SM-G935F samsung 7.0,1,1
5899,1,0,0.932,1495221220.92936,1495222144396,39.36193028480451,22.9563518858602,-113,-20,-116,-13,6,40252,4120,LTE,20201,unknown,SM-G935F samsung 7.0,1,1
5900,1,0,0.939,1495221223.05643,1495222146505,39.36189126730493,22.95643614713327,-113,-20,-116,-13,6,40252,4120,LTE,20201,unknown,SM-G935F samsung 7.0,1,1
5901,1,0,0.939,1495221225.09328,1495222148605,39.361842054667896,22.956505749102053,-113,-20,-113,-9,6,40301,4120,LTE,20201,unknown,SM-G935F samsung 7.0,1,1
5902,1,0,0.946,1495221227.18693,1495222150682,39.36177606744574,22.956598246047214,-113,-20,-113,-9,6,40301,4120,LTE,20201,unknown,SM-G935F samsung 7.0,1,1
5903,1,0,0.937,1495221229.26519,1495222152774,39.361731568144904,22.956708503380252,-113,30,-117,-9,9,40301,4120,LTE,20201,unknown,SM-G935F samsung 7.0,1,1
5904,1,0,0.96,1495221231.33013,1495222154847,39.36165160412306,22.956814792319918,-113,30,-117,-9,9,40301,4120,LTE,20201,unknown,SM-G935F samsung 7.0,1,1
5905,1,0,0.957,1495221233.50391,1495222156917,39.36154618348766,22.956978662641728,-113,20,-115,-9,10,40301,4120,LTE,20201,unknown,SM-G935F samsung 7.0,1,1
5906,1,0,0.947,1495221235.49229,1495222159000,39.361485586902646,22.957071128193405,-113,20,-115,-9,10,40301,4120,LTE,20201,unknown,SM-G935F samsung 7.0,1,1
5907,1,0,0.949,1495221237.60191,1495222161079,39.36142488481655,22.957130310553627,-113,20,-117,-11,9,40301,4120,LTE,20201,unknown,SM-G935F samsung 7.0,1,1
5908,1,0,0.94,1495221239.69064,1495222163192,39.3613819771415,22.95719038978073,-113,30,-115,-10,7,40301,4120,LTE,20201,unknown,SM-G935F samsung 7.0,1,1
5909,1,0,0.941,1495221241.7691,1495222165272,39.361322258353695,22.9572620768815,-113,-80,-114,-9,6,41421,4120,LTE,20201,unknown,SM-G935F samsung 7.0,1,1
5910,1,0,0.95,1495221243.83896,1495222167359,39.36127708082038,22.95734560746595,-99,60,-104,-10,11,41421,4120,LTE,20201,unknown,SM-G935F samsung 7.0,1,1
5911,1,0,0.948,1495221245.92906,1495222169438,39.36124245306702,22.957463351370635,-107,-1,-1,-1,-1,41421,4120,LTE,20201,unknown,SM-G935F samsung 7.0,1,1
5912,1,0,0.95,1495221248.03073,1495222171518,39.361179707362766,22.95755108700818,-113,70,-113,-10,9,41421,4120,LTE,20201,unknown,SM-G935F samsung 7.0,1,1
5913,1,0,0.938,1495221250.10006,1495222173599,39.361119857569015,22.957623052050025,-113,40,-113,-10,6,40252,4120,LTE,20201,unknown,SM-G935F samsung 7.0,1,1
5914,1,0,0.947,1495221252.1888,1495222175697,39.36108252011033,22.957719912708708,-97,40,-103,-7,15,40301,4120,LTE,20201,unknown,SM-G935F samsung 7.0,1,1
5915,1,0,0.937,1495221254.42201,1495222177778,39.36104438582578,22.957830188456462,-113,10,-111,-8,6,40252,4120,LTE,20201,unknown,SM-G935F samsung 7.0,1,1
5916,1,0,0.964,1495221256.36189,1495222179883,39.360996284823116,22.957945815598517,-111,20,-110,-8,6,40252,4120,LTE,20201,unknown,SM-G935F samsung 7.0,1,1
5917,1,0,0.964,1495221258.44001,1495222181953,39.360937386437435,22.958070363034594,-111,20,-110,-8,6,41421,4120,LTE,20201,unknown,SM-G935F samsung 7.0,1,1
5918,1,0,0.881,1495221260.51614,1495222184026,39.360896198605445,22.958134916829703,-113,50,-116,-11,7,41421,4120,LTE,20201,unknown,SM-G935F samsung 7.0,1,1
5919,1,0,0.939,1495221262.62699,1495222186107,39.36085213045704,22.958198106640374,-113,30,-115,-8,7,40252,4120,LTE,20201,unknown,SM-G935F samsung 7.0,1,1
5920,1,0,0.939,1495221264.72391,1495222188213,39.36080868212447,22.958300241284284,-99,60,-104,-7,14,40252,4120,LTE,20201,unknown,SM-G935F samsung 7.0,1,1
5921,1,0,0.94,1495221266.80481,1495222190301,39.360781387691496,22.95839538827915,-113,60,-114,-9,10,40252,4120,LTE,20201,unknown,SM-G935F samsung 7.0,1,1
5922,1,0,0.944,1495221268.89474,1495222192393,39.36074214905261,22.95847809272559,-107,40,-108,-7,13,40252,4120,LTE,20201,unknown,SM-G935F samsung 7.0,1,1
5923,1,0,0.936,1495221271.00121,1495222194486,39.36069412024151,22.958577112120686,-109,10,-109,-9,6,40252,4120,LTE,20201,unknown,SM-G935F samsung 7.0,1,1
5924,1,0,0.945,1495221273.09847,1495222196586,39.360623810982695,22.95867651742369,-113,0,-113,-10,6,40301,4120,LTE,20201,unknown,SM-G935F samsung 7.0,1,1
5925,1,0,0.943,1495221275.17841,1495222198671,39.360581333730906,22.958724571492965,-113,-10,-118,-12,7,40301,4120,LTE,20201,unknown,SM-G935F samsung 7.0,1,1
5926,1,0,0.951,1495221277.25568,1495222200769,39.36051998146792,22.958801559203323,-113,-10,-115,-8,6,41421,4120,LTE,20201,unknown,SM-G935F samsung 7.0,1,1
5927,1,0,0.955,1495221279.32765,1495222202850,39.36045002829669,22.958876284365285,-107,50,-108,-6,10,41421,4120,LTE,20201,unknown,SM-G935F samsung 7.0,1,1
5928,1,0,0.963,1495221281.38921,1495222204916,39.360381166809425,22.95906062268897,-109,-80,-109,-9,6,41421,4120,LTE,20201,unknown,SM-G935F samsung 7.0,1,1
5929,1,0,0.942,1495221283.47743,1495222206978,39.36033109519934,22.959159834624156,-113,30,-116,-9,7,40301,4120,LTE,20201,unknown,SM-G935F samsung 7.0,1,1
5930,1,0,0.947,1495221285.53926,1495222209056,39.36028127510927,22.959252708423396,-113,30,-116,-9,7,40301,4120,LTE,20201,unknown,SM-G935F samsung 7.0,1,1
5931,1,0,0.944,1495221287.6182,1495222211136,39.36022465610469,22.95935009313921,-113,-1,-1,-1,-1,40301,4120,LTE,20201,unknown,SM-G935F samsung 7.0,1,1
5932,1,0,0.943,1495221289.7081,1495222213216,39.36017964320767,22.959442962935206,-113,40,-115,-8,7,40301,4120,LTE,20201,unknown,SM-G935F samsung 7.0,1,1
5933,1,0,0.961,1495221291.78824,1495222215301,39.36014084699109,22.95953198743214,-113,40,-115,-8,7,40301,4120,LTE,20201,unknown,SM-G935F samsung 7.0,1,1
5934,1,0,0.946,1495221293.87603,1495222217381,39.360101378703796,22.959616823553635,-111,60,-110,-6,9,40301,4120,LTE,20201,unknown,SM-G935F samsung 7.0,1,1
5935,1,0,0.951,1495221295.96504,1495222219475,39.360056049226955,22.95971002516623,-105,-1,-1,-1,-1,40301,4120,LTE,20201,unknown,SM-G935F samsung 7.0,1,1
5936,1,0,0.947,1495221298.03512,1495222221558,39.36001288621663,22.9597884931476,-95,90,-102,-6,10,40301,4120,LTE,20201,unknown,SM-G935F samsung 7.0,1,1
5937,1,0,0.938,1495221300.22505,1495222223633,39.35996574963746,22.95987576814718,-113,100,-111,-8,7,40301,4120,LTE,20201,unknown,SM-G935F samsung 7.0,1,1
5938,1,0,0.95,1495221302.20536,1495222225714,39.35992299509918,22.95996896178258,-109,80,-109,-7,14,40301,4120,LTE,20201,unknown,SM-G935F samsung 7.0,1,1
5939,1,0,0.95,1495221304.28233,1495222227796,39.359883580595536,22.96005808307325,-105,80,-107,-8,12,40301,4120,LTE,20201,unknown,SM-G935F samsung 7.0,1,1
5940,1,0,0.946,1495221306.34903,1495222229871,39.35984318396786,22.960144421143163,-113,40,-113,-7,10,40301,4120,LTE,20201,unknown,SM-G935F samsung 7.0,1,1
5941,1,0,0.945,1495221308.41901,1495222231940,39.35977325088214,22.960255130420155,-113,50,-112,-8,8,40301,4120,LTE,20201,unknown,SM-G935F samsung 7.0,1,1
5942,1,0,0.928,1495221310.48912,1495222234012,39.35972739368961,22.960338056666338,-103,80,-106,-8,14,40301,4120,LTE,20201,unknown,SM-G935F samsung 7.0,1,1
5943,1,0,0.946,1495221312.56582,1495222236085,39.35968233555234,22.960437730959523,-101,80,-105,-7,6,41421,4120,LTE,20201,unknown,SM-G935F samsung 7.0,1,1
5944,1,0,0.948,1495221314.6348,1495222238157,39.359644329925025,22.960521534283615,-109,60,-109,-7,6,40301,4120,LTE,20201,unknown,SM-G935F samsung 7.0,1,1
5945,1,0,0.945,1495221316.71492,1495222240234,39.35960317654253,22.96060407260845,-111,80,-110,-8,8,40301,4120,LTE,20201,unknown,SM-G935F samsung 7.0,1,1
5946,1,0,0.936,1495221318.83599,1495222242314,39.35955732042141,22.960695488522113,-109,90,-109,-7,9,40301,4120,LTE,20201,unknown,SM-G935F samsung 7.0,1,1
5947,1,0,0.946,1495221320.92471,1495222244432,39.35951785077807,22.96077779489976,-109,90,-109,-7,9,40301,4120,LTE,20201,unknown,SM-G935F samsung 7.0,1,1
5948,1,0,0.936,1495221323.01491,1495222246522,39.3594768730621,22.96085531206427,-107,70,-108,-8,10,40301,4120,LTE,20201,unknown,SM-G935F samsung 7.0,1,1
5949,1,0,0.947,1495221325.10323,1495222248612,39.359438236235846,22.96092023778152,-107,70,-108,-8,10,40301,4120,LTE,20201,unknown,SM-G935F samsung 7.0,1,1
5950,1,0,0.962,1495221327.16189,1495222250693,39.359390985264206,22.96102529842891,-113,70,-114,-9,7,40301,4120,LTE,20201,unknown,SM-G935F samsung 7.0,1,1
5951,1,0,0.938,1495221329.3125,1495222252759,39.35933851635998,22.961121631220262,-111,50,-110,-9,6,40301,4120,LTE,20201,unknown,SM-G935F samsung 7.0,1,1
5952,1,0,0.956,1495221331.32064,1495222254832,39.359289407112946,22.96121957517704,-113,60,-113,-8,10,40301,4120,LTE,20201,unknown,SM-G935F samsung 7.0,1,1
5953,1,0,0.966,1495221333.3716,1495222256899,39.35921690817918,22.96135356024695,-109,-1,-1,-1,-1,41421,4120,LTE,20201,unknown,SM-G935F samsung 7.0,1,1
5954,1,0,0.955,1495221335.44062,1495222258968,39.359173452342084,22.961438600045874,-111,100,-110,-7,14,41421,4120,LTE,20201,unknown,SM-G935F samsung 7.0,1,1
5955,1,0,0.963,1495221337.51047,1495222261037,39.35913590596854,22.961507732672487,-105,80,-107,-7,9,41421,4120,LTE,20201,unknown,SM-G935F samsung 7.0,1,1
5956,1,0,0.955,1495221339.67792,1495222263105,39.35909349725184,22.961561588964486,-99,100,-104,-7,12,41421,4120,LTE,20201,unknown,SM-G935F samsung 7.0,1,1
5957,1,0,0.947,1495221341.7674,1495222265273,39.35902692905374,22.96156301286064,-93,110,-101,-6,11,40301,4120,LTE,20201,unknown,SM-G935F samsung 7.0,1,1
5958,1,0,0.947,1495221343.83731,1495222267359,39.359008225921286,22.961533425311643,-89,130,-99,-9,13,40301,4120,LTE,20201,unknown,SM-G935F samsung 7.0,1,1
5959,1,0,0.948,1495221345.91749,1495222269437,39.35896333624057,22.96150826796251,-101,-1,-1,-1,-1,40301,4120,LTE,20201,unknown,SM-G935F samsung 7.0,1,1
5960,1,0,0.922,1495221348.01727,1495222271516,39.35892618653815,22.96146048605445,-101,-1,-1,-1,-1,40301,4120,LTE,20201,unknown,SM-G935F samsung 7.0,1,1
5961,1,0,0.946,1495221350.12669,1495222273616,39.358870386259525,22.961417024956432,-95,130,-102,-5,12,40301,4120,LTE,20201,unknown,SM-G935F samsung 7.0,1,1
5962,1,0,0.948,1495221352.17718,1495222275695,39.35881042858682,22.961391901117004,-83,130,-96,-6,14,40301,4120,LTE,20201,unknown,SM-G935F samsung 7.0,1,1
5963,1,0,0.956,1495221354.26693,1495222277776,39.35874525501992,22.961337420877395,-101,110,-105,-6,10,40301,4120,LTE,20201,unknown,SM-G935F samsung 7.0,1,1
5964,1,0,0.949,1495221356.37719,1495222279850,39.35869760752029,22.961306351521255,-91,110,-100,-5,13,40301,4120,LTE,20201,unknown,SM-G935F samsung 7.0,1,1
5965,1,0,0.938,1495221358.46698,1495222281975,39.35861243182186,22.961250762840336,-87,130,-98,-6,14,40301,4120,LTE,20201,unknown,SM-G935F samsung 7.0,1,1
5966,1,0,0.948,1495221360.55574,1495222284057,39.358545914160274,22.961225483756333,-87,130,-98,-6,14,40301,4120,LTE,20201,unknown,SM-G935F samsung 7.0,1,1
5967,1,0,0.946,1495221362.61684,1495222286137,39.35848355067447,22.961180978847683,-87,130,-98,-6,14,40301,4120,LTE,20201,unknown,SM-G935F samsung 7.0,1,1
5968,1,0,0.946,1495221364.73527,1495222288215,39.358428358367966,22.96112113036891,-101,150,-105,-6,11,40301,4120,LTE,20201,unknown,SM-G935F samsung 7.0,1,1
5969,1,0,0.95,1495221366.78691,1495222290297,39.358374922793665,22.961090161972766,-93,150,-101,-5,12,40301,4120,LTE,20201,unknown,SM-G935F samsung 7.0,1,1
5970,1,0,0.947,1495221368.86697,1495222292379,39.35831239129567,22.96103945947788,-89,130,-99,-7,13,40301,4120,LTE,20201,unknown,SM-G935F samsung 7.0,1,1
5971,1,0,0.938,1495221370.94495,1495222294456,39.358257530117285,22.960999225705276,-85,140,-97,-6,14,40301,4120,LTE,20201,unknown,SM-G935F samsung 7.0,1,1
5972,1,0,0.948,1495221373.02791,1495222296536,39.358209352621664,22.960959664292634,-93,140,-101,-6,10,40301,4120,LTE,20201,unknown,SM-G935F samsung 7.0,1,1
5973,1,0,0.947,1495221375.10675,1495222298617,39.35816594737095,22.960940194541145,-93,140,-101,-6,10,40301,4120,LTE,20201,unknown,SM-G935F samsung 7.0,1,1
5974,1,0,0.94,1495221377.19684,1495222300697,39.35811858497065,22.96090913478319,-105,100,-107,-8,14,40301,4120,LTE,20201,unknown,SM-G935F samsung 7.0,1,1
5975,1,0,0.955,1495221379.27701,1495222302796,39.35804479815088,22.960836157300946,-109,-1,-1,-1,-1,40301,4120,LTE,20201,unknown,SM-G935F samsung 7.0,1,1
5976,1,0,0.96,1495221381.35681,1495222304872,39.357984810046084,22.960751369456116,-97,140,-103,-9,10,40301,4120,LTE,20201,unknown,SM-G935F samsung 7.0,1,1
5977,1,0,0.947,1495221383.45669,1495222306949,39.35788745344734,22.960694480624916,-101,130,-105,-10,11,40301,4120,LTE,20201,unknown,SM-G935F samsung 7.0,1,1
3806,1,9,0.946,1495005607.90596,1495006527710,39.362394315402895,22.936874509061283,-97,210,-103,-6,14,40256,4120,LTE,20201,unknown,SM-G935F samsung 7.0,1,1
3807,1,0,0.935,1495005609.97986,1495006529805,39.36239960706618,22.936859975008083,-97,190,-103,-6,14,40256,4120,LTE,20201,unknown,SM-G935F samsung 7.0,1,1
3808,1,0,0.935,1495005612.05955,1495006531881,39.36240148235256,22.936837987135775,-103,-1,-1,-1,-1,40256,4120,LTE,20201,unknown,SM-G935F samsung 7.0,1,1
3809,1,0,0.944,1495005614.14944,1495006533966,39.36239934370644,22.936815444555325,-103,-1,-1,-1,-1,40256,4120,LTE,20201,unknown,SM-G935F samsung 7.0,1,1
3810,1,0,0.937,1495005616.23922,1495006536054,39.362398643580676,22.936811051796802,-111,120,-110,-7,10,40256,4120,LTE,20201,unknown,SM-G935F samsung 7.0,1,1
3811,1,0,0.938,1495005618.3399,1495006538148,39.362386965322685,22.936805088082743,-107,120,-108,-7,12,40256,4120,LTE,20201,unknown,SM-G935F samsung 7.0,1,1
3812,1,0,0.936,1495005620.41876,1495006540237,39.36237631875495,22.93679912241513,-113,110,-113,-7,14,40256,4120,LTE,20201,unknown,SM-G935F samsung 7.0,1,1
3813,1,0,0.938,1495005622.51975,1495006542326,39.36234869280849,22.936795865897476,-113,120,-114,-7,10,40256,4120,LTE,20201,unknown,SM-G935F samsung 7.0,1,1
3814,1,0,0.936,1495005624.60357,1495006544418,39.36230278435321,22.93681148505361,-101,160,-105,-4,12,40256,4120,LTE,20201,unknown,SM-G935F samsung 7.0,1,1
3815,1,0,0.937,1495005626.68841,1495006546506,39.36226443231588,22.93681245890813,-89,160,-99,-6,15,40256,4120,LTE,20201,unknown,SM-G935F samsung 7.0,1,1
3816,1,0,0.943,1495005628.78,1495006548596,39.36223476956097,22.93682025097088,-93,200,-101,-6,14,40256,4120,LTE,20201,unknown,SM-G935F samsung 7.0,1,1
3817,1,0,0.945,1495005630.85853,1495006550683,39.36220192933324,22.93686485001238,-97,180,-103,-6,10,40256,4120,LTE,20201,unknown,SM-G935F samsung 7.0,1,1
3818,1,0,0.947,1495005632.93907,1495006552760,39.362134060521534,22.93693762413398,-113,140,-111,-6,11,40256,4120,LTE,20201,unknown,SM-G935F samsung 7.0,1,1
3819,1,0,0.937,1495005635.01939,1495006554845,39.36206468376222,22.936962525643867,-113,140,-111,-6,11,40256,4120,LTE,20201,unknown,SM-G935F samsung 7.0,1,1
3820,1,0,0.934,1495005637.12629,1495006556926,39.361993740024865,22.937005855826794,-107,140,-108,-6,11,40256,4120,LTE,20201,unknown,SM-G935F samsung 7.0,1,1
3821,1,0,0.93,1495005639.20827,1495006559024,39.36191850284096,22.937048089893704,-113,130,-113,-6,10,40256,4120,LTE,20201,unknown,SM-G935F samsung 7.0,1,1
3822,1,0,0.939,1495005641.33377,1495006561116,39.361858885772186,22.937040615088396,-111,130,-110,-6,14,40256,4120,LTE,20201,unknown,SM-G935F samsung 7.0,1,1
3823,1,0,0.939,1495005643.39908,1495006563210,39.361801087298936,22.936986327606718,-111,120,-110,-7,11,40256,4120,LTE,20201,unknown,SM-G935F samsung 7.0,1,1
3824,1,0,0.936,1495005645.47836,1495006565297,39.36174591779533,22.936935095157473,-105,140,-107,-6,11,40256,4120,LTE,20201,unknown,SM-G935F samsung 7.0,1,1
3825,1,0,0.937,1495005647.57847,1495006567386,39.36169999014608,22.936881324316523,-109,140,-109,-6,10,40256,4120,LTE,20201,unknown,SM-G935F samsung 7.0,1,1
3826,1,0,0.936,1495005649.66618,1495006569477,39.36165962776173,22.936834836137333,-109,140,-109,-6,10,40256,4120,LTE,20201,unknown,SM-G935F samsung 7.0,1,1
3827,1,0,0.942,1495005651.74912,1495006571565,39.361603124195625,22.936761295421398,-111,140,-110,-6,10,40256,4120,LTE,20201,unknown,SM-G935F samsung 7.0,1,1
3828,1,0,0.932,1495005653.83611,1495006573651,39.36155342970512,22.93667214445304,-107,140,-108,-6,11,40256,4120,LTE,20201,unknown,SM-G935F samsung 7.0,1,1
3829,1,0,0.943,1495005655.90844,1495006575731,39.36149502123861,22.936526080931305,-111,150,-110,-6,11,40256,4120,LTE,20201,unknown,SM-G935F samsung 7.0,1,1
3830,1,0,0.937,1495005657.99625,1495006577810,39.36145714444361,22.93642625805359,-111,150,-110,-6,11,40256,4120,LTE,20201,unknown,SM-G935F samsung 7.0,1,1
3831,1,0,0.932,1495005660.0879,1495006579894,39.36140772839421,22.93632642399324,-111,170,-110,-6,13,40256,4120,LTE,20201,unknown,SM-G935F samsung 7.0,1,1
3832,1,0,0.946,1495005662.16799,1495006581988,39.361376929589404,22.936222482639135,-107,160,-108,-6,11,40256,4120,LTE,20201,unknown,SM-G935F samsung 7.0,1,1
3833,1,0,0.937,1495005664.24798,1495006584073,39.36135796149786,22.936130737101763,-103,160,-106,-6,12,40256,4120,LTE,20201,unknown,SM-G935F samsung 7.0,1,1
3834,1,0,0.94,1495005666.34826,1495006586156,39.361320586099005,22.936044443163638,-103,160,-106,-6,12,40256,4120,LTE,20201,unknown,SM-G935F samsung 7.0,1,1
3835,1,0,0.937,1495005668.42776,1495006588246,39.361281413715254,22.93595750922721,-105,150,-107,-7,12,40256,4120,LTE,20201,unknown,SM-G935F samsung 7.0,1,1
3836,1,0,0.938,1495005670.52733,1495006590336,39.36123602140826,22.93586275586061,-105,150,-107,-7,12,40256,4120,LTE,20201,unknown,SM-G935F samsung 7.0,1,1
3837,1,0,0.937,1495005672.60788,1495006592426,39.36121117900508,22.935779768626425,-113,90,-112,-7,14,40256,4120,LTE,20201,unknown,SM-G935F samsung 7.0,1,1
3838,1,0,0.942,1495005674.71669,1495006594516,39.36118884378176,22.935697313130316,-111,120,-110,-6,11,40256,4120,LTE,20201,unknown,SM-G935F samsung 7.0,1,1
3839,1,0,0.944,1495005676.8266,1495006596610,39.36116251651002,22.935594647899652,-113,140,-112,-6,9,40256,4120,LTE,20201,unknown,SM-G935F samsung 7.0,1,1
3840,1,0,0.952,1495005678.89849,1495006598720,39.36109911567088,22.93544675254055,-113,110,-113,-7,10,40256,4120,LTE,20201,unknown,SM-G935F samsung 7.0,1,1
3841,1,0,0.953,1495005680.9774,1495006600798,39.36105905787403,22.935355743043708,-113,110,-114,-7,10,40256,4120,LTE,20201,unknown,SM-G935F samsung 7.0,1,1
3842,1,0,0.938,1495005683.07547,1495006602880,39.361021619443044,22.93526026789146,-113,100,-114,-6,9,40256,4120,LTE,20201,unknown,SM-G935F samsung 7.0,1,1
3843,1,0,0.936,1495005685.14762,1495006604969,39.36098893433395,22.935167886012113,-113,110,-113,-6,10,40256,4120,LTE,20201,unknown,SM-G935F samsung 7.0,1,1
3844,1,0,0.937,1495005687.23769,1495006607054,39.36096192121547,22.935070084726743,-111,120,-110,-6,14,40256,4120,LTE,20201,unknown,SM-G935F samsung 7.0,1,1
3845,1,0,0.934,1495005689.32748,1495006609148,39.3609357301167,22.934968171965256,-113,90,-114,-8,9,40256,4120,LTE,20201,unknown,SM-G935F samsung 7.0,1,1
3846,1,0,0.938,1495005691.41742,1495006611236,39.36088308489372,22.93487872922457,-113,70,-112,-9,8,40256,4120,LTE,20201,unknown,SM-G935F samsung 7.0,1,1
3847,1,0,0.935,1495005693.51542,1495006613325,39.36083787585045,22.93479166352712,-111,100,-110,-7,14,40256,4120,LTE,20201,unknown,SM-G935F samsung 7.0,1,1
3848,1,0,0.94,1495005695.59462,1495006615416,39.360793562789475,22.934712658293883,-113,60,-112,-7,6,40304,4120,LTE,20201,unknown,SM-G935F samsung 7.0,1,1
3849,1,0,0.93,1495005697.67342,1495006617494,39.36080878381496,22.934642909192213,-113,50,-114,-8,11,40304,4120,LTE,20201,unknown,SM-G935F samsung 7.0,1,1
3850,1,0,0.941,1495005699.76495,1495006619575,39.36085986651213,22.934587331194404,-113,40,-112,-9,12,40256,4120,LTE,20201,unknown,SM-G935F samsung 7.0,1,1
3851,1,0,0.941,1495005701.84204,1495006621665,39.360927356319074,22.934536556467982,-113,50,-116,-10,11,40256,4120,LTE,20201,unknown,SM-G935F samsung 7.0,1,1
3852,1,0,0.955,1495005703.91406,1495006623745,39.361034102270004,22.93447031966559,-113,0,-118,-8,6,40304,4120,LTE,20201,unknown,SM-G935F samsung 7.0,1,1
3853,1,0,0.952,1495005705.97294,1495006625814,39.36109809945056,22.93442527427208,-113,70,-114,-7,9,40304,4120,LTE,20201,unknown,SM-G935F samsung 7.0,1,1
3854,1,0,0.947,1495005708.04214,1495006627876,39.36115015876891,22.93436860039777,-113,100,-112,-7,12,40304,4120,LTE,20201,unknown,SM-G935F samsung 7.0,1,1
3855,1,0,0.948,1495005710.13236,1495006629952,39.36115354429853,22.93427314660537,-113,70,-114,-8,11,40304,4120,LTE,20201,unknown,SM-G935F samsung 7.0,1,1
3856,1,0,0.951,1495005712.21124,1495006632034,39.361120659966396,22.9341677196989,-113,70,-114,-8,11,40304,4120,LTE,20201,unknown,SM-G935F samsung 7.0,1,1
3857,1,0,0.947,1495005714.30065,1495006634116,39.36107763924308,22.934070642304693,-113,90,-112,-7,12,40304,4120,LTE,20201,unknown,SM-G935F samsung 7.0,1,1
3858,1,0,0.948,1495005716.36087,1495006636193,39.36103270826265,22.933982799558443,-113,80,-112,-8,14,40304,4120,LTE,20201,unknown,SM-G935F samsung 7.0,1,1
3859,1,0,0.946,1495005718.45341,1495006638273,39.36099084521078,22.933891216857518,-113,60,-116,-9,11,40304,4120,LTE,20201,unknown,SM-G935F samsung 7.0,1,1
3860,1,0,0.918,1495005720.5458,1495006640365,39.36096180705182,22.933808243942487,-113,50,-112,-9,6,40304,4120,LTE,20201,unknown,SM-G935F samsung 7.0,1,1
3861,1,0,0.938,1495005722.6465,1495006642454,39.36091987896892,22.93371839637793,-113,50,-112,-9,6,40256,4120,LTE,20201,unknown,SM-G935F samsung 7.0,1,1
3862,1,0,0.938,1495005724.74008,1495006644547,39.3608810560701,22.93362724994863,-113,50,-112,-9,6,40256,4120,LTE,20201,unknown,SM-G935F samsung 7.0,1,1
3863,1,0,0.944,1495005726.81484,1495006646636,39.36084359053725,22.933534983836072,-113,70,-111,-7,9,40256,4120,LTE,20201,unknown,SM-G935F samsung 7.0,1,1
3864,1,0,0.945,1495005728.89483,1495006648719,39.36080422043746,22.93344054970949,-111,90,-110,-7,11,40256,4120,LTE,20201,unknown,SM-G935F samsung 7.0,1,1
3865,1,0,0.94,1495005730.9848,1495006650797,39.36076346103126,22.933328676189856,-113,100,-113,-7,9,40256,4120,LTE,20201,unknown,SM-G935F samsung 7.0,1,1
3866,1,0,0.94,1495005733.07696,1495006652887,39.36073166635652,22.93324864734208,-111,100,-110,-7,10,40256,4120,LTE,20201,unknown,SM-G935F samsung 7.0,1,1
3867,1,0,0.935,1495005735.15483,1495006654977,39.36069793991441,22.933151620165933,-113,80,-112,-8,8,40256,4120,LTE,20201,unknown,SM-G935F samsung 7.0,1,1
3870,1,0,0.948,1495005737.24388,1495006657064,39.36066525383618,22.933066370609918,-109,-1,-1,-1,-1,40304,4120,LTE,20201,unknown,SM-G935F samsung 7.0,1,1
3877,1,0,0.947,1495005739.31551,1495006659147,39.360639148403514,22.932972013761546,-89,80,-99,-6,15,40304,4120,LTE,20201,unknown,SM-G935F samsung 7.0,1,1
3881,1,0,0.947,1495005741.39339,1495006661224,39.36063945708009,22.932873405442912,-85,110,-97,-5,11,40304,4120,LTE,20201,unknown,SM-G935F samsung 7.0,1,1
3883,1,0,0.946,1495005743.47246,1495006663305,39.36067890845082,22.932791962977127,-103,120,-106,-8,14,40304,4120,LTE,20201,unknown,SM-G935F samsung 7.0,1,1
3884,1,0,0.947,1495005745.56101,1495006665384,39.360749678612116,22.9327372427933,-113,40,-111,-10,11,40304,4120,LTE,20201,unknown,SM-G935F samsung 7.0,1,1
3885,1,0,0.951,1495005747.64213,1495006667464,39.3608298163919,22.932689827594523,-109,50,-109,-8,10,40304,4120,LTE,20201,unknown,SM-G935F samsung 7.0,1,1
3886,1,0,0.954,1495005749.71251,1495006669549,39.36090738990884,22.9326478409187,-111,80,-110,-7,10,40304,4120,LTE,20201,unknown,SM-G935F samsung 7.0,1,1
3887,1,0,0.956,1495005751.79224,1495006671622,39.36098713973894,22.93260878627237,-111,80,-110,-7,10,40304,4120,LTE,20201,unknown,SM-G935F samsung 7.0,1,1
3888,1,0,0.962,1495005753.86232,1495006673700,39.36105989894392,22.932569131208986,-107,60,-108,-8,14,40304,4120,LTE,20201,unknown,SM-G935F samsung 7.0,1,1
3889,1,0,0.945,1495005755.93228,1495006675766,39.3611557954917,22.93250279643706,-103,100,-106,-6,11,40304,4120,LTE,20201,unknown,SM-G935F samsung 7.0,1,1
3890,1,0,0.947,1495005758.02104,1495006677844,39.36118621616018,22.932431279320586,-91,170,-100,-5,14,40304,4120,LTE,20201,unknown,SM-G935F samsung 7.0,1,1
3891,1,0,0.947,1495005760.09278,1495006679924,39.36118599246504,22.932357626078264,-109,140,-109,-7,11,40304,4120,LTE,20201,unknown,SM-G935F samsung 7.0,1,1
3892,1,0,0.943,1495005762.17312,1495006682004,39.361175618613615,22.932279129407323,-113,90,-115,-8,8,40304,4120,LTE,20201,unknown,SM-G935F samsung 7.0,1,1
3893,1,0,0.949,1495005764.25371,1495006684076,39.36116727651816,22.932201623872466,-113,90,-115,-8,8,40304,4120,LTE,20201,unknown,SM-G935F samsung 7.0,1,1
3894,1,0,0.952,1495005766.3339,1495006686156,39.36115196765138,22.932118016334442,-113,90,-115,-8,8,40304,4120,LTE,20201,unknown,SM-G935F samsung 7.0,1,1
3895,1,0,0.948,1495005768.40235,1495006688239,39.3611288649691,22.932027753759847,-113,-1,-1,-1,-1,40304,4120,LTE,20201,unknown,SM-G935F samsung 7.0,1,1
3896,1,0,0.946,1495005770.48322,1495006690315,39.36109793096624,22.931935102368442,-113,-1,-1,-1,-1,40304,4120,LTE,20201,unknown,SM-G935F samsung 7.0,1,1
3897,1,0,0.95,1495005772.5818,1495006692394,39.361063477759416,22.931847415026898,-113,-1,-1,-1,-1,40304,4120,LTE,20201,unknown,SM-G935F samsung 7.0,1,1
3898,1,0,0.948,1495005774.66171,1495006694488,39.36102776638419,22.931754156397616,-113,40,-119,-10,7,40304,4120,LTE,20201,unknown,SM-G935F samsung 7.0,1,1
3899,1,0,0.947,1495005776.73186,1495006696566,39.360998894606816,22.931660111063625,-113,50,-114,-9,8,40304,4120,LTE,20201,unknown,SM-G935F samsung 7.0,1,1
3900,1,0,0.948,1495005778.81276,1495006698645,39.36097809011614,22.931560692325167,-113,60,-118,-10,10,40304,4120,LTE,20201,unknown,SM-G935F samsung 7.0,1,1
3901,1,0,0.962,1495005780.8929,1495006700721,39.36094108006418,22.9314800059886,-113,60,-118,-10,10,40304,4120,LTE,20201,unknown,SM-G935F samsung 7.0,1,1
3902,1,0,0.947,1495005782.96273,1495006702796,39.36089290231657,22.931348039987054,-113,20,-115,-9,11,40304,4120,LTE,20201,unknown,SM-G935F samsung 7.0,1,1
3903,1,0,0.941,1495005785.05174,1495006704875,39.36085278147656,22.93124875976339,-113,20,-115,-9,11,40304,4120,LTE,20201,unknown,SM-G935F samsung 7.0,1,1
3904,1,0,0.946,1495005787.13294,1495006706956,39.36082288259925,22.931159588821497,-113,40,-118,-10,7,40304,4120,LTE,20201,unknown,SM-G935F samsung 7.0,1,1
3905,1,0,0.947,1495005789.21968,1495006709043,39.360785781307676,22.931066670743615,-113,40,-118,-10,7,40304,4120,LTE,20201,unknown,SM-G935F samsung 7.0,1,1
3906,1,0,0.951,1495005791.30202,1495006711125,39.360757745768026,22.930980183441957,-113,40,-118,-10,7,40304,4120,LTE,20201,unknown,SM-G935F samsung 7.0,1,1
3907,1,0,0.948,1495005793.38718,1495006713208,39.360729258843385,22.930893527172053,-113,40,-118,-10,7,40304,4120,LTE,20201,unknown,SM-G935F samsung 7.0,1,1
3908,1,0,0.953,1495005795.46172,1495006715284,39.360707006049005,22.930817967869608,-113,-1,-1,-1,-1,40304,4120,LTE,20201,unknown,SM-G935F samsung 7.0,1,1
3909,1,0,0.947,1495005797.54133,1495006717371,39.36068179593097,22.93073338854517,-113,50,-117,-8,11,40304,4120,LTE,20201,unknown,SM-G935F samsung 7.0,1,1
3910,1,0,0.952,1495005799.61184,1495006719450,39.360655387740046,22.930648489337088,-113,-1,-1,-1,-1,40304,4120,LTE,20201,unknown,SM-G935F samsung 7.0,1,1
3911,1,0,0.949,1495005801.69146,1495006721521,39.36062231239733,22.930561859906433,-113,60,-118,-8,11,40304,4120,LTE,20201,unknown,SM-G935F samsung 7.0,1,1
3912,1,0,0.955,1495005803.76249,1495006723598,39.36058879368099,22.930462050206707,-113,60,-116,-8,8,40304,4120,LTE,20201,unknown,SM-G935F samsung 7.0,1,1
3913,1,0,0.953,1495005805.8313,1495006725671,39.360560861491585,22.93037405572455,-113,70,-116,-7,7,40304,4120,LTE,20201,unknown,SM-G935F samsung 7.0,1,1
3914,1,0,0.956,1495005807.91078,1495006727738,39.36052294249383,22.93025265281879,-113,70,-116,-7,7,40304,4120,LTE,20201,unknown,SM-G935F samsung 7.0,1,1
3915,1,0,0.952,1495005809.98218,1495006729809,39.36049669862939,22.93016487180487,-113,60,-120,-9,11,40304,4120,LTE,20201,unknown,SM-G935F samsung 7.0,1,1
3916,1,0,0.954,1495005812.08636,1495006731889,39.36046976739412,22.93007378490671,-113,30,-120,-10,6,40304,4120,LTE,20201,unknown,SM-G935F samsung 7.0,1,1
3917,1,0,0.958,1495005814.15858,1495006733974,39.360441166895455,22.92998404943567,-113,-1,-1,-1,-1,40304,4120,LTE,20201,unknown,SM-G935F samsung 7.0,1,1
3918,1,0,0.951,1495005816.24118,1495006736054,39.36041479401985,22.929903168582154,-113,-1,-1,-1,-1,40304,4120,LTE,20201,unknown,SM-G935F samsung 7.0,1,1
3919,1,0,0.957,1495005818.30115,1495006738133,39.360383187913094,22.929819694764237,-113,30,-120,-9,7,40304,4120,LTE,20201,unknown,SM-G935F samsung 7.0,1,1
3920,1,0,0.961,1495005820.36719,1495006740206,39.3603598522869,22.9297310271095,-113,70,-116,-7,8,40304,4120,LTE,20201,unknown,SM-G935F samsung 7.0,1,1
3921,1,0,0.943,1495005822.45013,1495006742265,39.360335332369615,22.929656078414286,-113,70,-118,-8,7,40304,4120,LTE,20201,unknown,SM-G935F samsung 7.0,1,1
3922,1,0,0.941,1495005824.52659,1495006744343,39.36032719990147,22.929584795789662,-113,70,-118,-8,7,40304,4120,LTE,20201,unknown,SM-G935F samsung 7.0,1,1
3923,1,0,0.943,1495005826.598,1495006746423,39.36032416136963,22.92952388654757,-113,80,-115,-7,8,40304,4120,LTE,20201,unknown,SM-G935F samsung 7.0,1,1
3924,1,0,0.954,1495005828.67841,1495006748501,39.360320297044616,22.92949009934684,-103,120,-106,-5,12,40304,4120,LTE,20201,unknown,SM-G935F samsung 7.0,1,1
3925,1,0,0.942,1495005830.75816,1495006750581,39.36031425329575,22.9294652177138,-113,100,-115,-7,13,40304,4120,LTE,20201,unknown,SM-G935F samsung 7.0,1,1
3926,1,0,0.965,1495005832.83804,1495006752665,39.36031107342069,22.929465547878188,-113,100,-115,-7,13,40304,4120,LTE,20201,unknown,SM-G935F samsung 7.0,1,1
3927,1,0,0.959,1495005834.90115,1495006754739,39.36031012298188,22.929465845066762,-113,70,-115,-8,8,40304,4120,LTE,20201,unknown,SM-G935F samsung 7.0,1,1
3928,1,0,0.952,1495005836.98106,1495006756812,39.360309657040574,22.929465954342003,-113,70,-115,-8,8,40304,4120,LTE,20201,unknown,SM-G935F samsung 7.0,1,1
3929,1,0,0.952,1495005839.07807,1495006758886,39.3603090846077,22.92946593423897,-113,80,-117,-7,8,40304,4120,LTE,20201,unknown,SM-G935F samsung 7.0,1,1
3930,1,0,0.942,1495005841.16743,1495006760981,39.36030812040058,22.929465163363925,-113,80,-114,-7,9,40304,4120,LTE,20201,unknown,SM-G935F samsung 7.0,1,1
3931,1,0,0.945,1495005843.25284,1495006763075,39.360306873867195,22.92943630174501,-113,90,-114,-7,9,40304,4120,LTE,20201,unknown,SM-G935F samsung 7.0,1,1
3932,1,0,0.942,1495005845.33185,1495006765159,39.36029546679831,22.9293986058708,-113,90,-114,-7,9,40304,4120,LTE,20201,unknown,SM-G935F samsung 7.0,1,1
3933,1,0,0.944,1495005847.41066,1495006767237,39.36027808525312,22.929357939562006,-113,90,-114,-7,9,40304,4120,LTE,20201,unknown,SM-G935F samsung 7.0,1,1
3934,1,0,0.953,1495005849.51785,1495006769316,39.36026891391019,22.92932621944645,-111,100,-110,-6,12,40304,4120,LTE,20201,unknown,SM-G935F samsung 7.0,1,1
3935,1,0,0.952,1495005851.59844,1495006771421,39.36026336084628,22.929312747963365,-113,110,-112,-6,9,40304,4120,LTE,20201,unknown,SM-G935F samsung 7.0,1,1
3936,1,0,0.953,1495005853.67759,1495006773499,39.36026309722386,22.92931212412773,-113,110,-112,-6,9,40304,4120,LTE,20201,unknown,SM-G935F samsung 7.0,1,1
3937,1,0,0.953,1495005855.75753,1495006775580,39.36026378697822,22.92930465206616,-109,100,-109,-6,11,40304,4120,LTE,20201,unknown,SM-G935F samsung 7.0,1,1
3938,1,0,0.96,1495005857.83809,1495006777660,39.360275958436986,22.929262600856,-109,100,-109,-6,11,40304,4120,LTE,20201,unknown,SM-G935F samsung 7.0,1,1
3939,1,0,0.954,1495005859.90036,1495006779734,39.3602699370553,22.92916181975381,-109,100,-109,-6,11,40304,4120,LTE,20201,unknown,SM-G935F samsung 7.0,1,1
3940,1,0,0.951,1495005861.98099,1495006781807,39.3602862454271,22.929071373072613,-111,110,-110,-6,14,40304,4120,LTE,20201,unknown,SM-G935F samsung 7.0,1,1
3941,1,0,0.955,1495005864.09542,1495006783888,39.36029295805702,22.928991407358154,-113,-1,-1,-1,-1,40304,4120,LTE,20201,unknown,SM-G935F samsung 7.0,1,1
3942,1,0,0.942,1495005866.15729,1495006785982,39.36027280627111,22.928919657275692,-113,90,-118,-7,7,40304,4120,LTE,20201,unknown,SM-G935F samsung 7.0,1,1
3943,1,0,0.931,1495005868.23734,1495006788064,39.36022568392418,22.92885139373693,-113,90,-118,-7,7,40304,4120,LTE,20201,unknown,SM-G935F samsung 7.0,1,1
3944,1,0,0.93,1495005870.31786,1495006790145,39.360176448618006,22.928779517361562,-113,90,-118,-7,7,40304,4120,LTE,20201,unknown,SM-G935F samsung 7.0,1,1
3945,1,0,0.932,1495005872.41423,1495006792224,39.36012521058794,22.928709155735095,-113,50,-117,-8,8,40304,4120,LTE,20201,unknown,SM-G935F samsung 7.0,1,1
3946,1,0,0.939,1495005880.47303,1495006794306,39.360086653091216,22.92863782202913,-113,50,-121,-10,6,40304,4120,LTE,20201,unknown,SM-G935F samsung 7.0,1,1
3947,1,0,0.886,1495005881.63237,1495006796413,39.36010721538841,22.92860838814017,-113,50,-121,-10,6,40256,4120,LTE,20201,unknown,SM-G935F samsung 7.0,1,1
